library,gpus,precision,m,n,configuration,time_s,validation
MAGMA,1,fp32,256,256,nb=256,0.0009329092904912322,passed
MAGMA,1,fp32,300,300,nb=128,0.001712544645807204,passed
MAGMA,1,fp32,512,512,nb=256,0.0021570164827627927,passed
MAGMA,1,fp32,700,700,nb=128,0.0037197680212557316,passed
MAGMA,1,fp32,1024,1024,nb=128,0.004989819135516882,passed
MAGMA,1,fp32,1500,1500,nb=128,0.00843655563451588,passed
MAGMA,1,fp32,2048,2048,nb=32,0.013031545095145702,passed
MAGMA,1,fp32,3000,3000,nb=32,0.02348962239921093,passed
MAGMA,1,fp32,4096,4096,nb=32,0.03562999933291147,passed
MAGMA,1,fp32,6000,6000,nb=32,0.05943514313548803,passed
MAGMA,1,fp32,8192,8192,nb=32,0.0929733132943511,passed
MAGMA,1,fp32,12000,12000,nb=32,0.1821320191712829,passed
MAGMA,1,fp32,16384,16384,nb=64,0.32093910929380254,passed
MAGMA,1,fp32,24000,24000,nb=128,0.7396496240980923,passed
MAGMA,1,fp32,32768,32768,nb=128,1.5573144918307662,passed
MAGMA,1,fp32,48000,48000,nb=384,3.6374043822288513,passed
MAGMA,1,fp32,65536,65536,nb=384,8.700162595137954,passed
MAGMA,1,fp32,80000,80000,nb=768,14.755899285094408,passed
MAGMA,1,fp32,98304,98304,nb=512,27.224701258705313,passed
MAGMA,1,fp32,114688,114688,nb=768,42.179104128728454,passed
MAGMA,1,fp32,131072,131072,nb=384,64.52267353236675,passed
MAGMA,1,fp64,256,256,nb=256,0.001234274369703922,passed
MAGMA,1,fp64,300,300,nb=128,0.0021922863088548183,passed
MAGMA,1,fp64,512,512,nb=64,0.003323795273900032,passed
MAGMA,1,fp64,700,700,nb=64,0.00431659925611121,passed
MAGMA,1,fp64,1024,1024,nb=64,0.006149450782686472,passed
MAGMA,1,fp64,1500,1500,nb=64,0.008906552102416754,passed
MAGMA,1,fp64,2048,2048,nb=64,0.015621224883943796,passed
MAGMA,1,fp64,3000,3000,nb=32,0.028867750894278288,passed
MAGMA,1,fp64,4096,4096,nb=32,0.04598104329714678,passed
MAGMA,1,fp64,6000,6000,nb=32,0.08067111810669303,passed
MAGMA,1,fp64,8192,8192,nb=32,0.12129410402849317,passed
MAGMA,1,fp64,12000,12000,nb=32,0.23270337795838714,passed
MAGMA,1,fp64,16384,16384,nb=64,0.41183152236044407,passed
MAGMA,1,fp64,24000,24000,nb=64,0.8689706930890679,passed
MAGMA,1,fp64,32768,32768,nb=64,1.9894202720438714,passed
MAGMA,1,fp64,48000,48000,nb=128,4.575169066898525,passed
MAGMA,1,fp64,65536,65536,nb=128,10.666026260844982,passed
MAGMA,1,fp64,80000,80000,nb=384,16.48590389976887,passed
MAGMA,1,fp64,98304,98304,nb=384,29.13549082591797,passed
MAGMA,1,fp64,114688,114688,nb=384,44.02679997478709,passed
MAGMA,1,fp64,131072,131072,nb=256,68.25937143433839,passed
SLATE,1,fp32,256,256,"nb=256,ib=32,la=1",0.0037615178152918816,passed
SLATE,1,fp32,300,300,"nb=256,ib=32,la=1",0.004714251030236483,passed
SLATE,1,fp32,512,512,"nb=256,ib=32,la=1",0.0061018685810267925,passed
SLATE,1,fp32,700,700,"nb=512,ib=64,la=1",0.009204863104969263,passed
SLATE,1,fp32,1024,1024,"nb=1024,ib=64,la=1",0.011826412752270699,passed
SLATE,1,fp32,1500,1500,"nb=256,ib=32,la=1",0.017601560801267624,passed
SLATE,1,fp32,2048,2048,"nb=256,ib=32,la=1",0.02335078828036785,passed
SLATE,1,fp32,3000,3000,"nb=256,ib=32,la=1",0.03738912381231785,passed
SLATE,1,fp32,4096,4096,"nb=256,ib=32,la=1",0.05377874802798033,passed
SLATE,1,fp32,6000,6000,"nb=256,ib=32,la=1",0.09096284070983529,passed
SLATE,1,fp32,8192,8192,"nb=512,ib=64,la=1",0.1341824010014534,passed
SLATE,1,fp32,12000,12000,"nb=1024,ib=32,la=1",0.246,passed
SLATE,1,fp32,16384,16384,"nb=512,ib=32,la=1",0.41,passed
SLATE,1,fp32,24000,24000,"nb=512,ib=32,la=1",0.9355,passed
SLATE,1,fp32,32768,32768,"nb=1024,ib=64,la=1",1.7499938309192657,passed
SLATE,1,fp32,48000,48000,"nb=1536,ib=64,la=1",4.330745793879032,passed
SLATE,1,fp32,65536,65536,"nb=1024,ib=64,la=1",9.484173783101141,passed
SLATE,1,fp32,80000,80000,"nb=1536,ib=64,la=1",16.48709292244166,passed
SLATE,1,fp32,98304,98304,"nb=1536,ib=64,la=1",30.67,passed
SLATE,1,fp32,114688,114688,"nb=1536,ib=32,la=1",47.091,passed
SLATE,1,fp32,131072,131072,"nb=1024,ib=64,la=1",70.601,passed
SLATE,1,fp64,256,256,"nb=256,ib=32,la=1",0.003738933242857456,passed
SLATE,1,fp64,300,300,"nb=256,ib=32,la=1",0.004874575883150101,passed
SLATE,1,fp64,512,512,"nb=256,ib=32,la=1",0.0064211939461529255,passed
SLATE,1,fp64,700,700,"nb=256,ib=32,la=1",0.00880146399140358,passed
SLATE,1,fp64,1024,1024,"nb=256,ib=32,la=1",0.012627850286662579,passed
SLATE,1,fp64,1500,1500,"nb=256,ib=32,la=1",0.018865098245441914,passed
SLATE,1,fp64,2048,2048,"nb=256,ib=32,la=1",0.025326432194560766,passed
SLATE,1,fp64,3000,3000,"nb=512,ib=64,la=1",0.04164168005809188,passed
SLATE,1,fp64,4096,4096,"nb=256,ib=32,la=1",0.05621059378609061,passed
SLATE,1,fp64,6000,6000,"nb=1024,ib=64,la=1",0.09690193412825465,passed
SLATE,1,fp64,8192,8192,"nb=512,ib=64,la=1",0.14385707722976804,passed
SLATE,1,fp64,12000,12000,"nb=1024,ib=64,la=1",0.2647800073027611,passed
SLATE,1,fp64,16384,16384,"nb=1024,ib=64,la=1",0.4430730538442731,passed
SLATE,1,fp64,24000,24000,"nb=1024,ib=64,la=1",1.0183016280643642,passed
SLATE,1,fp64,32768,32768,"nb=1024,ib=64,la=1",1.8837111610919237,passed
SLATE,1,fp64,48000,48000,"nb=1024,ib=64,la=1",4.727478310931474,passed
SLATE,1,fp64,65536,65536,"nb=1024,ib=64,la=1",10.664482947904617,passed
SLATE,1,fp64,80000,80000,"nb=1024,ib=64,la=1",19.00954749295488,passed
SLATE,1,fp64,98304,98304,"nb=1024,ib=32,la=1",33.915,passed
SLATE,1,fp64,114688,114688,"nb=1536,ib=32,la=1",50.498,passed
SLATE,1,fp64,131072,131072,"nb=1536,ib=64,la=1",74.288,passed
cuSOLVER,1,fp32,256,256,default,0.0006089182570576668,passed
cuSOLVER,1,fp32,300,300,bf16x9,0.0007808580994606018,passed
cuSOLVER,1,fp32,512,512,bf16x9,0.0015496192499995232,passed
cuSOLVER,1,fp32,700,700,default,0.002318981569260359,passed
cuSOLVER,1,fp32,1024,1024,bf16x9,0.0037699020467698574,passed
cuSOLVER,1,fp32,1500,1500,bf16x9,0.006191663909703493,passed
cuSOLVER,1,fp32,2048,2048,default,0.00890129990875721,passed
cuSOLVER,1,fp32,3000,3000,bf16x9,0.014940258115530014,passed
cuSOLVER,1,fp32,4096,4096,bf16x9,0.02271687099710107,passed
cuSOLVER,1,fp32,6000,6000,bf16x9,0.04110489971935749,passed
cuSOLVER,1,fp32,8192,8192,default,0.06900998204946518,passed
cuSOLVER,1,fp32,12000,12000,default,0.14657007902860641,passed
cuSOLVER,1,fp32,16384,16384,default,0.3153181178495288,passed
cuSOLVER,1,fp32,24000,24000,default,0.73970552906394,passed
cuSOLVER,1,fp32,32768,32768,bf16x9,1.5519828647375107,passed
cuSOLVER,1,fp32,48000,48000,default,4.272597115952522,passed
cuSOLVER,1,fp32,65536,65536,default,10.02616510214284,passed
cuSOLVER,1,fp32,80000,80000,default,17.653718159068376,passed
cuSOLVER,1,fp32,98304,98304,default,31.760183581151068,passed
cuSOLVER,1,fp32,114688,114688,default,50.28791103512049,passed
cuSOLVER,1,fp32,131072,131072,default,73.36069755582139,passed
cuSOLVER,1,fp64,256,256,default,0.0006546080112457275,passed
cuSOLVER,1,fp64,300,300,default,0.0008417293429374695,passed
cuSOLVER,1,fp64,512,512,default,0.0016368553042411804,passed
cuSOLVER,1,fp64,700,700,default,0.002477962989360094,passed
cuSOLVER,1,fp64,1024,1024,default,0.004042629152536392,passed
cuSOLVER,1,fp64,1500,1500,default,0.006648574024438858,passed
cuSOLVER,1,fp64,2048,2048,default,0.009753465186804533,passed
cuSOLVER,1,fp64,3000,3000,default,0.015993830747902393,passed
cuSOLVER,1,fp64,4096,4096,default,0.02450069785118103,passed
cuSOLVER,1,fp64,6000,6000,default,0.04383307974785566,passed
cuSOLVER,1,fp64,8192,8192,default,0.07327506085857749,passed
cuSOLVER,1,fp64,12000,12000,default,0.1465890035033226,passed
cuSOLVER,1,fp64,16384,16384,default,0.31409597769379616,passed
cuSOLVER,1,fp64,24000,24000,default,0.7209460660815239,passed
cuSOLVER,1,fp64,32768,32768,default,1.4764030119404197,passed
cuSOLVER,1,fp64,48000,48000,default,3.927983129862696,passed
cuSOLVER,1,fp64,65536,65536,default,9.05714591871947,passed
cuSOLVER,1,fp64,80000,80000,default,15.833843396045268,passed
cuSOLVER,1,fp64,98304,98304,default,28.12981277704239,passed
cuSOLVER,1,fp64,114688,114688,default,44.543887,passed
cuSOLVER,1,fp64,131072,131072,default,64.241116207093,passed
MAGMA,2,fp32,229376,229376,"nb=128,threads=16",225.1685477681458,timing_only
SLATE,2,fp32,229376,229376,"nb=1536,ib=64,la=1,grid_rows=1,panel_threads=4",302.10269244760275,timing_only
cuSOLVERMp,2,fp32,229376,229376,"nb=256,grid_rows=2",199.12324657291174,timing_only
MAGMA,3,fp32,229376,229376,"nb=128,threads=16",151.78070386499166,timing_only
SLATE,3,fp32,229376,229376,"nb=1536,ib=64,la=1,grid_rows=1,panel_threads=4",271.2061246186495,timing_only
cuSOLVERMp,3,fp32,229376,229376,"nb=256,grid_rows=3",134.6011670343578,timing_only
MAGMA,4,fp32,131072,131072,"nb=128,threads=16",21.376284962054342,timing_only
MAGMA,4,fp32,163840,163840,"nb=128,threads=16",41.122521557379514,timing_only
MAGMA,4,fp32,196608,196608,"nb=128,threads=16",70.64491422474384,timing_only
MAGMA,4,fp32,229376,229376,"nb=128,threads=16",112.54031953169033,timing_only
MAGMA,4,fp32,262144,262144,"nb=128,threads=16",169.61184713197872,timing_only
MAGMA,4,fp32,294912,294912,"nb=128,threads=16",241.2381227761507,timing_only
MAGMA,4,fp32,327680,327680,"nb=128,threads=16",332.86625925498083,timing_only
MAGMA,4,fp64,131072,131072,"nb=64,threads=16",31.00578115368262,timing_only
MAGMA,4,fp64,163840,163840,"nb=64,threads=16",58.71943732211366,timing_only
MAGMA,4,fp64,196608,196608,"nb=64,threads=16",98.15886888187379,timing_only
MAGMA,4,fp64,229376,229376,"nb=64,threads=16",154.01062793890014,timing_only
SLATE,4,fp32,131072,131072,"nb=1536,ib=64,la=1,grid_rows=1,panel_threads=4",65.23837810987607,timing_only
SLATE,4,fp32,163840,163840,"nb=1536,ib=64,la=1,grid_rows=1,panel_threads=4",109.66783219622448,timing_only
SLATE,4,fp32,196608,196608,"nb=1536,ib=32,la=2,grid_rows=1,panel_threads=1",207.20694348821416,timing_only
SLATE,4,fp32,229376,229376,"nb=1536,ib=64,la=1,grid_rows=1,panel_threads=4",240.03082420583814,timing_only
SLATE,4,fp32,262144,262144,"nb=1536,ib=64,la=1,grid_rows=1,panel_threads=4",390.17469409806654,timing_only
SLATE,4,fp32,294912,294912,"nb=1536,ib=64,la=1,grid_rows=1,panel_threads=4",468.1375161772594,timing_only
SLATE,4,fp32,327680,327680,"nb=1536,ib=64,la=1,grid_rows=1,panel_threads=4",572.2058265516534,timing_only
SLATE,4,fp64,131072,131072,"nb=1536,ib=32,la=1,grid_rows=1,panel_threads=1",92.8073021597229,timing_only
SLATE,4,fp64,163840,163840,"nb=1536,ib=32,la=2,grid_rows=1,panel_threads=1",163.50634327204898,timing_only
SLATE,4,fp64,196608,196608,"nb=1536,ib=32,la=1,grid_rows=1,panel_threads=1",222.6001779078506,timing_only
SLATE,4,fp64,229376,229376,"nb=1536,ib=32,la=1,grid_rows=1,panel_threads=1",311.1304356972687,timing_only
cuSOLVERMp,4,fp32,131072,131072,"nb=256,grid_rows=4",20.96230663685128,timing_only
cuSOLVERMp,4,fp32,163840,163840,"nb=256,grid_rows=4",38.88072563102469,timing_only
cuSOLVERMp,4,fp32,196608,196608,"nb=256,grid_rows=4",65.09679494518787,timing_only
cuSOLVERMp,4,fp32,229376,229376,"nb=256,grid_rows=4",101.10544836334884,timing_only
cuSOLVERMp,4,fp32,262144,262144,"nb=256,grid_rows=4",149.43381466064602,timing_only
cuSOLVERMp,4,fp32,294912,294912,"nb=256,grid_rows=4",210.25648513622582,timing_only
cuSOLVERMp,4,fp32,327680,327680,"nb=256,grid_rows=4",286.9335178239271,timing_only
cuSOLVERMp,4,fp64,131072,131072,"nb=256,grid_rows=4",21.19037328613922,timing_only
cuSOLVERMp,4,fp64,163840,163840,"nb=256,grid_rows=1",39.29785455809906,timing_only
cuSOLVERMp,4,fp64,196608,196608,"nb=256,grid_rows=1",65.57904511131346,timing_only
cuSOLVERMp,4,fp64,229376,229376,"nb=256,grid_rows=4",101.45690503995866,timing_only
MAGMA,8,fp32,131072,131072,"nb=64,threads=16",15.76286908518523,passed
MAGMA,8,fp32,163840,163840,"nb=128,threads=16",26.386915341950953,passed
MAGMA,8,fp32,196608,196608,"nb=128,threads=16",40.61546886153519,passed
MAGMA,8,fp32,229376,229376,"nb=128,threads=16",62.95116396807134,passed
MAGMA,8,fp32,262144,262144,"nb=128,threads=16",89.01948054227978,passed
MAGMA,8,fp32,294912,294912,"nb=128,threads=16",125.22697003744543,passed
MAGMA,8,fp32,327680,327680,"nb=128,threads=16",169.6859680628404,passed
MAGMA,8,fp64,131072,131072,"nb=64,threads=16",28.022344319149852,passed
MAGMA,8,fp64,163840,163840,"nb=64,threads=16",40.81135620176792,passed
MAGMA,8,fp64,196608,196608,"nb=128,threads=16",73.71685499232262,passed
MAGMA,8,fp64,229376,229376,"nb=128,threads=16",102.0088768908754,passed
MAGMA,8,fp64,262144,262144,"nb=64,threads=16",130.79394216183573,passed
MAGMA,8,fp64,294912,294912,"nb=128,threads=16",178.6184072960168,passed
SLATE,8,fp32,131072,131072,"nb=1024,ib=64,la=1,grid_rows=2,panel_threads=4",26.860341247171164,passed
SLATE,8,fp32,163840,163840,"nb=1024,ib=64,la=1,grid_rows=2,panel_threads=4",43.65716910175979,passed
SLATE,8,fp32,196608,196608,"nb=1024,ib=64,la=1,grid_rows=2,panel_threads=4",66.45010623708367,passed
SLATE,8,fp32,229376,229376,"nb=1024,ib=64,la=1,grid_rows=2,panel_threads=4",96.00711204018444,passed
SLATE,8,fp32,262144,262144,"nb=1024,ib=64,la=1,grid_rows=2,panel_threads=4",128.97709695156664,passed
SLATE,8,fp32,294912,294912,"nb=1024,ib=64,la=1,grid_rows=2,panel_threads=4",174.0543473046273,passed
SLATE,8,fp32,327680,327680,"nb=1024,ib=64,la=1,grid_rows=2,panel_threads=4",222.36755359638482,passed
SLATE,8,fp64,131072,131072,"nb=1024,ib=64,la=1,grid_rows=1,panel_threads=4",50.47213349211961,passed
SLATE,8,fp64,163840,163840,"nb=1024,ib=64,la=1,grid_rows=1,panel_threads=4",72.82733106799424,passed
SLATE,8,fp64,196608,196608,"nb=1024,ib=64,la=1,grid_rows=1,panel_threads=4",113.40631727129221,passed
SLATE,8,fp64,229376,229376,"nb=1024,ib=64,la=1,grid_rows=1,panel_threads=4",152.64640257693827,passed
SLATE,8,fp64,262144,262144,"nb=1024,ib=64,la=1,grid_rows=1,panel_threads=4",210.66000300552696,passed
SLATE,8,fp64,294912,294912,"nb=1024,ib=64,la=1,grid_rows=1,panel_threads=4",278.3425744185224,passed
cuSOLVERMp,8,fp32,131072,131072,"nb=256,grid_rows=8",11.488455741666257,passed
cuSOLVERMp,8,fp32,163840,163840,"nb=256,grid_rows=8",20.876952515915036,passed
cuSOLVERMp,8,fp32,196608,196608,"nb=256,grid_rows=8",34.47839922644198,passed
cuSOLVERMp,8,fp32,229376,229376,"nb=256,grid_rows=8",53.24650815408677,passed
cuSOLVERMp,8,fp32,262144,262144,"nb=256,grid_rows=8",77.6714066984132,passed
cuSOLVERMp,8,fp32,294912,294912,"nb=256,grid_rows=8",108.78068575169891,passed
cuSOLVERMp,8,fp32,327680,327680,"nb=256,grid_rows=8",147.43257009610534,passed
cuSOLVERMp,8,fp64,131072,131072,"nb=256,grid_rows=8",11.701489519327879,passed
cuSOLVERMp,8,fp64,163840,163840,"nb=256,grid_rows=8",21.46560546848923,passed
cuSOLVERMp,8,fp64,196608,196608,"nb=256,grid_rows=8",35.52041225787252,passed
cuSOLVERMp,8,fp64,229376,229376,"nb=256,grid_rows=8",54.35817812848836,passed
cuSOLVERMp,8,fp64,262144,262144,"nb=256,grid_rows=8",78.56299608480185,passed
cuSOLVERMp,8,fp64,294912,294912,"nb=256,grid_rows=8",109.96261822525412,passed
MAGMA,1,fp32,131072,64,"nb=32,threads=4",0.04634953662753105,timing_only
MAGMA,1,fp32,131072,256,"nb=32,threads=8",0.05602940171957016,timing_only
MAGMA,1,fp32,131072,1024,"nb=32,threads=8",0.22522415034472942,timing_only
MAGMA,1,fp32,131072,4096,"nb=32,threads=8",0.918836185708642,timing_only
MAGMA,1,fp32,1048576,64,"nb=32,threads=8",0.18039773032069206,timing_only
MAGMA,1,fp32,1048576,256,"nb=32,threads=8",0.757302163168788,timing_only
MAGMA,1,fp32,1048576,1024,"nb=32,threads=8",2.102917278185487,timing_only
MAGMA,1,fp32,1048576,4096,"nb=32,threads=8",11.065865490585566,timing_only
MAGMA,1,fp32,4194304,64,"nb=32,threads=8",0.7822344303131104,timing_only
MAGMA,1,fp32,4194304,256,"nb=32,threads=8",3.4915633630007505,timing_only
MAGMA,1,fp32,4194304,1024,"nb=32,threads=8",15.125827316194773,timing_only
MAGMA,1,fp64,131072,64,"nb=64,threads=4",0.050000473856925964,timing_only
MAGMA,1,fp64,131072,256,"nb=32,threads=4",0.1373826302587986,timing_only
MAGMA,1,fp64,131072,1024,"nb=32,threads=8",0.4246476087719202,timing_only
MAGMA,1,fp64,131072,4096,"nb=32,threads=8",1.762763349339366,timing_only
MAGMA,1,fp64,1048576,64,"nb=32,threads=4",0.4274203721433878,timing_only
MAGMA,1,fp64,1048576,256,"nb=32,threads=8",1.1917782071977854,timing_only
MAGMA,1,fp64,1048576,1024,"nb=32,threads=8",4.388995787128806,timing_only
MAGMA,1,fp64,1048576,4096,"nb=128,threads=4",45.40463281236589,timing_only
MAGMA,1,fp64,4194304,64,"nb=32,threads=8",1.909600229933858,timing_only
MAGMA,1,fp64,4194304,256,"nb=32,threads=8",6.328236510977149,timing_only
MAGMA,1,fp64,4194304,1024,"nb=128,threads=4",54.789206275716424,timing_only
SLATE,1,fp32,131072,64,"ib=32,la=1,nb=64,panel_threads=1,threads=4",0.05098466947674751,timing_only
SLATE,1,fp32,131072,256,"ib=32,la=1,nb=256,panel_threads=1,threads=4",0.03374030813574791,timing_only
SLATE,1,fp32,131072,1024,"ib=32,la=1,nb=1024,panel_threads=1,threads=4",0.06917308270931244,timing_only
SLATE,1,fp32,131072,4096,"ib=32,la=1,nb=1536,panel_threads=1,threads=4",0.34545608796179295,timing_only
SLATE,1,fp32,1048576,64,"ib=32,la=1,nb=64,panel_threads=1,threads=4",0.14491705037653446,timing_only
SLATE,1,fp32,1048576,256,"ib=32,la=1,nb=256,panel_threads=1,threads=1",0.07737404294312,timing_only
SLATE,1,fp32,1048576,1024,"ib=32,la=1,nb=1024,panel_threads=1,threads=1",0.304121607914567,timing_only
SLATE,1,fp32,1048576,4096,"ib=16,la=1,nb=1536,panel_threads=1,threads=4",2.108402159065008,timing_only
SLATE,1,fp32,4194304,64,"ib=32,la=1,nb=64,panel_threads=1,threads=4",0.7929454538971186,timing_only
SLATE,1,fp32,4194304,256,"ib=16,la=1,nb=256,panel_threads=1,threads=4",0.32514833845198154,timing_only
SLATE,1,fp32,4194304,1024,"ib=32,la=1,nb=512,panel_threads=1,threads=1",1.4417523555457592,timing_only
SLATE,1,fp64,131072,64,"ib=32,la=1,nb=64,panel_threads=1,threads=1",0.038615571334958076,timing_only
SLATE,1,fp64,131072,256,"ib=32,la=1,nb=256,panel_threads=1,threads=4",0.03924748860299587,timing_only
SLATE,1,fp64,131072,1024,"ib=64,la=1,nb=1024,panel_threads=2,threads=4",0.06641237437725067,timing_only
SLATE,1,fp64,131072,4096,"ib=32,la=1,nb=1536,panel_threads=1,threads=1",0.3771541975438595,timing_only
SLATE,1,fp64,1048576,64,"ib=32,la=1,nb=64,panel_threads=1,threads=4",0.15922029316425323,timing_only
SLATE,1,fp64,1048576,256,"ib=32,la=0,nb=256,panel_threads=1,threads=4",0.09496860392391682,timing_only
SLATE,1,fp64,1048576,1024,"ib=32,la=1,nb=1024,panel_threads=1,threads=4",0.3145925998687744,timing_only
SLATE,1,fp64,1048576,4096,"ib=32,la=1,nb=1024,panel_threads=4,threads=4",2.00979545339942,timing_only
SLATE,1,fp64,4194304,64,"ib=32,la=1,nb=64,panel_threads=1,threads=4",0.6197164840996265,timing_only
SLATE,1,fp64,4194304,256,"ib=32,la=1,nb=256,panel_threads=1,threads=4",0.6805664282292128,timing_only
SLATE,1,fp64,4194304,1024,"ib=16,la=2,nb=1024,panel_threads=2,threads=4",1.289790315553546,timing_only
cuSOLVER,1,fp32,131072,64,"math=bf16x9,threads=1",0.0020374543964862823,timing_only
cuSOLVER,1,fp32,131072,256,"math=default,threads=1",0.009071897715330124,timing_only
cuSOLVER,1,fp32,131072,1024,"math=bf16x9,threads=1",0.04159655049443245,timing_only
cuSOLVER,1,fp32,131072,4096,"math=default,threads=1",0.24274948611855507,timing_only
cuSOLVER,1,fp32,1048576,64,"math=default,threads=1",0.00904761627316475,timing_only
cuSOLVER,1,fp32,1048576,256,"math=default,threads=1",0.04216586798429489,timing_only
cuSOLVER,1,fp32,1048576,1024,"math=default,threads=1",0.21306574158370495,timing_only
cuSOLVER,1,fp32,1048576,4096,"math=default,threads=1",1.5281536392867565,timing_only
cuSOLVER,1,fp32,4194304,64,"math=default,threads=1",0.031857043504714966,timing_only
cuSOLVER,1,fp32,4194304,256,"math=default,threads=1",0.15153075195848942,timing_only
cuSOLVER,1,fp32,4194304,1024,"math=default,threads=1",0.7852114364504814,timing_only
cuSOLVER,1,fp64,131072,64,"math=default,threads=1",0.0022373292595148087,timing_only
cuSOLVER,1,fp64,131072,256,"math=default,threads=1",0.009887350723147392,timing_only
cuSOLVER,1,fp64,131072,1024,"math=default,threads=1",0.0449422262609005,timing_only
cuSOLVER,1,fp64,131072,4096,"math=default,threads=1",0.2541549541056156,timing_only
cuSOLVER,1,fp64,1048576,64,"math=default,threads=1",0.009001541882753372,timing_only
cuSOLVER,1,fp64,1048576,256,"math=default,threads=1",0.04272414743900299,timing_only
cuSOLVER,1,fp64,1048576,1024,"math=default,threads=1",0.21321060322225094,timing_only
cuSOLVER,1,fp64,1048576,4096,"math=default,threads=1",1.5358605962246656,timing_only
cuSOLVER,1,fp64,4194304,64,"math=default,threads=1",0.03135323151946068,timing_only
cuSOLVER,1,fp64,4194304,256,"math=default,threads=1",0.15277567319571972,timing_only
cuSOLVER,1,fp64,4194304,1024,"math=default,threads=1",0.8006516247987747,timing_only
