gpus,precision,n,time_s,tflops,fastest_reference,speedup,residual,orthogonality
1,fp64,65536,8.2859,45.29,cuSOLVER,1.093,7.908729389266072e-15,2.1062312964703453e-15
1,fp64,131072,63.9258,46.97,cuSOLVER,1.005,1.1194128816017509e-14,2.648565052107746e-15
1,fp32,65536,8.3508,44.94,MAGMA,1.042,4.027997620360668e-06,8.654780542467842e-07
1,fp32,131072,63.1911,47.51,MAGMA,1.021,5.671304082732128e-06,1.0643076474216183e-06
1,tf32,65536,1.8404,203.93,MAGMA,4.727,0.001501730742548415,0.0015056915936268373
1,tf32,131072,12.1345,247.43,MAGMA,5.317,0.0015169678946668,0.0015175362624179635
1,3xtf32,65536,4.2976,87.33,MAGMA,2.024,6.699627594133383e-06,5.99958488475206e-06
1,3xtf32,131072,32.6593,91.93,MAGMA,1.976,6.8188458745766e-06,6.079648750988118e-06
4,fp64,131072,19.0886,157.29,cuSOLVERMp,1.11,1.6729024723660145e-14,5.221863352790338e-15
4,fp64,229376,95.3428,168.77,cuSOLVERMp,1.064,2.2036456083357907e-14,6.023658923044934e-15
4,fp32,131072,18.4562,162.68,cuSOLVERMp,1.136,1.131289319080833e-05,2.2691749397666564e-06
4,fp32,229376,90.5683,177.67,cuSOLVERMp,1.116,1.4920099908529637e-05,2.323283505976327e-06
4,fp32,327680,255.8363,183.37,cuSOLVERMp,1.122,1.7818880246674485e-05,2.4050379503946573e-06
4,tf32,131072,4.9922,601.42,cuSOLVERMp,4.199,0.003227138996803623,0.003258243316024882
4,tf32,229376,21.9635,732.63,cuSOLVERMp,4.603,0.0033320578503031268,0.0033518820889143074
4,tf32,327680,60.4127,776.53,cuSOLVERMp,4.75,0.003477669755917612,0.003490873838664468
4,3xtf32,131072,10.4667,286.85,cuSOLVERMp,2.003,1.9449979030379888e-05,1.9809849681548593e-05
4,3xtf32,229376,49.862,322.71,cuSOLVERMp,2.028,1.9999047434498975e-05,2.0220020835948706e-05
4,3xtf32,327680,139.3921,336.55,cuSOLVERMp,2.058,2.0275485301945885e-05,2.047358852856166e-05
