library,gpus,precision,n,configuration,time_s
MAGMA,1,fp32,256,nb=256,0.0009329092904912322
MAGMA,1,fp32,300,nb=128,0.001712544645807204
MAGMA,1,fp32,512,nb=256,0.0021570164827627927
MAGMA,1,fp32,700,nb=128,0.0037197680212557316
MAGMA,1,fp32,1024,nb=128,0.004989819135516882
MAGMA,1,fp32,1500,nb=128,0.00843655563451588
MAGMA,1,fp32,2048,nb=32,0.013031545095145702
MAGMA,1,fp32,3000,nb=32,0.02348962239921093
MAGMA,1,fp32,4096,nb=32,0.03562999933291147
MAGMA,1,fp32,6000,nb=32,0.05943514313548803
MAGMA,1,fp32,8192,nb=32,0.0929733132943511
MAGMA,1,fp32,12000,nb=32,0.1821320191712829
MAGMA,1,fp32,16384,nb=64,0.32093910929380254
MAGMA,1,fp32,24000,nb=128,0.7396496240980923
MAGMA,1,fp32,32768,nb=128,1.5573144918307662
MAGMA,1,fp32,48000,nb=384,3.6374043822288513
MAGMA,1,fp32,65536,nb=384,8.700162595137954
MAGMA,1,fp32,80000,nb=768,14.755899285094408
MAGMA,1,fp32,98304,nb=512,27.224701258705313
MAGMA,1,fp32,114688,nb=768,42.179104128728454
MAGMA,1,fp32,131072,nb=384,64.52267353236675
MAGMA,1,fp64,256,nb=256,0.001234274369703922
MAGMA,1,fp64,300,nb=128,0.0021922863088548183
MAGMA,1,fp64,512,nb=64,0.003323795273900032
MAGMA,1,fp64,700,nb=64,0.00431659925611121
MAGMA,1,fp64,1024,nb=64,0.006149450782686472
MAGMA,1,fp64,1500,nb=64,0.008906552102416754
MAGMA,1,fp64,2048,nb=64,0.015621224883943796
MAGMA,1,fp64,3000,nb=32,0.028867750894278288
MAGMA,1,fp64,4096,nb=32,0.04598104329714678
MAGMA,1,fp64,6000,nb=32,0.08067111810669303
MAGMA,1,fp64,8192,nb=32,0.12129410402849317
MAGMA,1,fp64,12000,nb=32,0.23270337795838714
MAGMA,1,fp64,16384,nb=64,0.41183152236044407
MAGMA,1,fp64,24000,nb=64,0.8689706930890679
MAGMA,1,fp64,32768,nb=64,1.9894202720438714
MAGMA,1,fp64,48000,nb=128,4.575169066898525
MAGMA,1,fp64,65536,nb=128,10.666026260844982
MAGMA,1,fp64,80000,nb=384,16.48590389976887
MAGMA,1,fp64,98304,nb=384,29.13549082591797
MAGMA,1,fp64,114688,nb=384,44.02679997478709
MAGMA,1,fp64,131072,nb=256,68.25937143433839
SLATE,1,fp32,256,"nb=256,ib=32,la=1",0.0037615178152918816
SLATE,1,fp32,300,"nb=256,ib=32,la=1",0.004714251030236483
SLATE,1,fp32,512,"nb=256,ib=32,la=1",0.0061018685810267925
SLATE,1,fp32,700,"nb=512,ib=64,la=1",0.009204863104969263
SLATE,1,fp32,1024,"nb=1024,ib=64,la=1",0.011826412752270699
SLATE,1,fp32,1500,"nb=256,ib=32,la=1",0.017601560801267624
SLATE,1,fp32,2048,"nb=256,ib=32,la=1",0.02335078828036785
SLATE,1,fp32,3000,"nb=256,ib=32,la=1",0.03738912381231785
SLATE,1,fp32,4096,"nb=256,ib=32,la=1",0.05377874802798033
SLATE,1,fp32,6000,"nb=256,ib=32,la=1",0.09096284070983529
SLATE,1,fp32,8192,"nb=512,ib=64,la=1",0.1341824010014534
SLATE,1,fp32,12000,"nb=1024,ib=32,la=1",0.246
SLATE,1,fp32,16384,"nb=512,ib=32,la=1",0.41
SLATE,1,fp32,24000,"nb=512,ib=32,la=1",0.9355
SLATE,1,fp32,32768,"nb=1024,ib=64,la=1",1.7499938309192657
SLATE,1,fp32,48000,"nb=1536,ib=64,la=1",4.330745793879032
SLATE,1,fp32,65536,"nb=1024,ib=64,la=1",9.484173783101141
SLATE,1,fp32,80000,"nb=1536,ib=64,la=1",16.48709292244166
SLATE,1,fp32,98304,"nb=1536,ib=64,la=1",30.67
SLATE,1,fp32,114688,"nb=1536,ib=32,la=1",47.091
SLATE,1,fp32,131072,"nb=1024,ib=64,la=1",70.601
SLATE,1,fp64,256,"nb=256,ib=32,la=1",0.003738933242857456
SLATE,1,fp64,300,"nb=256,ib=32,la=1",0.004874575883150101
SLATE,1,fp64,512,"nb=256,ib=32,la=1",0.0064211939461529255
SLATE,1,fp64,700,"nb=256,ib=32,la=1",0.00880146399140358
SLATE,1,fp64,1024,"nb=256,ib=32,la=1",0.012627850286662579
SLATE,1,fp64,1500,"nb=256,ib=32,la=1",0.018865098245441914
SLATE,1,fp64,2048,"nb=256,ib=32,la=1",0.025326432194560766
SLATE,1,fp64,3000,"nb=512,ib=64,la=1",0.04164168005809188
SLATE,1,fp64,4096,"nb=256,ib=32,la=1",0.05621059378609061
SLATE,1,fp64,6000,"nb=1024,ib=64,la=1",0.09690193412825465
SLATE,1,fp64,8192,"nb=512,ib=64,la=1",0.14385707722976804
SLATE,1,fp64,12000,"nb=1024,ib=64,la=1",0.2647800073027611
SLATE,1,fp64,16384,"nb=1024,ib=64,la=1",0.4430730538442731
SLATE,1,fp64,24000,"nb=1024,ib=64,la=1",1.0183016280643642
SLATE,1,fp64,32768,"nb=1024,ib=64,la=1",1.8837111610919237
SLATE,1,fp64,48000,"nb=1024,ib=64,la=1",4.727478310931474
SLATE,1,fp64,65536,"nb=1024,ib=64,la=1",10.664482947904617
SLATE,1,fp64,80000,"nb=1024,ib=64,la=1",19.00954749295488
SLATE,1,fp64,98304,"nb=1024,ib=32,la=1",33.915
SLATE,1,fp64,114688,"nb=1536,ib=32,la=1",50.498
SLATE,1,fp64,131072,"nb=1536,ib=64,la=1",74.288
cuSOLVER,1,fp32,256,default,0.0006089182570576668
cuSOLVER,1,fp32,300,bf16x9,0.0007808580994606018
cuSOLVER,1,fp32,512,bf16x9,0.0015496192499995232
cuSOLVER,1,fp32,700,default,0.002318981569260359
cuSOLVER,1,fp32,1024,bf16x9,0.0037699020467698574
cuSOLVER,1,fp32,1500,bf16x9,0.006191663909703493
cuSOLVER,1,fp32,2048,default,0.00890129990875721
cuSOLVER,1,fp32,3000,bf16x9,0.014940258115530014
cuSOLVER,1,fp32,4096,bf16x9,0.02271687099710107
cuSOLVER,1,fp32,6000,bf16x9,0.04110489971935749
cuSOLVER,1,fp32,8192,default,0.06900998204946518
cuSOLVER,1,fp32,12000,default,0.14657007902860641
cuSOLVER,1,fp32,16384,default,0.3153181178495288
cuSOLVER,1,fp32,24000,default,0.73970552906394
cuSOLVER,1,fp32,32768,bf16x9,1.5519828647375107
cuSOLVER,1,fp32,48000,default,4.272597115952522
cuSOLVER,1,fp32,65536,default,10.02616510214284
cuSOLVER,1,fp32,80000,default,17.653718159068376
cuSOLVER,1,fp32,98304,default,31.760183581151068
cuSOLVER,1,fp32,114688,default,50.28791103512049
cuSOLVER,1,fp32,131072,default,73.36069755582139
cuSOLVER,1,fp64,256,default,0.0006546080112457275
cuSOLVER,1,fp64,300,default,0.0008417293429374695
cuSOLVER,1,fp64,512,default,0.0016368553042411804
cuSOLVER,1,fp64,700,default,0.002477962989360094
cuSOLVER,1,fp64,1024,default,0.004042629152536392
cuSOLVER,1,fp64,1500,default,0.006648574024438858
cuSOLVER,1,fp64,2048,default,0.009753465186804533
cuSOLVER,1,fp64,3000,default,0.015993830747902393
cuSOLVER,1,fp64,4096,default,0.02450069785118103
cuSOLVER,1,fp64,6000,default,0.04383307974785566
cuSOLVER,1,fp64,8192,default,0.07327506085857749
cuSOLVER,1,fp64,12000,default,0.1465890035033226
cuSOLVER,1,fp64,16384,default,0.31409597769379616
cuSOLVER,1,fp64,24000,default,0.7209460660815239
cuSOLVER,1,fp64,32768,default,1.4764030119404197
cuSOLVER,1,fp64,48000,default,3.927983129862696
cuSOLVER,1,fp64,65536,default,9.05714591871947
cuSOLVER,1,fp64,80000,default,15.833843396045268
cuSOLVER,1,fp64,98304,default,28.12981277704239
cuSOLVER,1,fp64,114688,default,44.543887
cuSOLVER,1,fp64,131072,default,64.241116207093
MAGMA,2,fp32,229376,"nb=128,threads=16",225.1685477681458
SLATE,2,fp32,229376,"nb=1536,ib=64,la=1,grid_rows=1,panel_threads=4",302.10269244760275
cuSOLVERMp,2,fp32,229376,"nb=256,grid_rows=2",199.12324657291174
MAGMA,3,fp32,229376,"nb=128,threads=16",151.78070386499166
SLATE,3,fp32,229376,"nb=1536,ib=64,la=1,grid_rows=1,panel_threads=4",271.2061246186495
cuSOLVERMp,3,fp32,229376,"nb=256,grid_rows=3",134.6011670343578
MAGMA,4,fp32,131072,"nb=128,threads=16",21.376284962054342
MAGMA,4,fp32,163840,"nb=128,threads=16",41.122521557379514
MAGMA,4,fp32,196608,"nb=128,threads=16",70.64491422474384
MAGMA,4,fp32,229376,"nb=128,threads=16",112.54031953169033
MAGMA,4,fp32,262144,"nb=128,threads=16",169.61184713197872
MAGMA,4,fp32,294912,"nb=128,threads=16",241.2381227761507
MAGMA,4,fp32,327680,"nb=128,threads=16",332.86625925498083
MAGMA,4,fp64,131072,"nb=64,threads=16",31.00578115368262
MAGMA,4,fp64,163840,"nb=64,threads=16",58.71943732211366
MAGMA,4,fp64,196608,"nb=64,threads=16",98.15886888187379
MAGMA,4,fp64,229376,"nb=64,threads=16",154.01062793890014
SLATE,4,fp32,131072,"nb=1536,ib=64,la=1,grid_rows=1,panel_threads=4",65.23837810987607
SLATE,4,fp32,163840,"nb=1536,ib=64,la=1,grid_rows=1,panel_threads=4",109.66783219622448
SLATE,4,fp32,196608,"nb=1536,ib=32,la=2,grid_rows=1,panel_threads=1",207.20694348821416
SLATE,4,fp32,229376,"nb=1536,ib=64,la=1,grid_rows=1,panel_threads=4",240.03082420583814
SLATE,4,fp32,262144,"nb=1536,ib=64,la=1,grid_rows=1,panel_threads=4",390.17469409806654
SLATE,4,fp32,294912,"nb=1536,ib=64,la=1,grid_rows=1,panel_threads=4",468.1375161772594
SLATE,4,fp32,327680,"nb=1536,ib=64,la=1,grid_rows=1,panel_threads=4",572.2058265516534
SLATE,4,fp64,131072,"nb=1536,ib=32,la=1,grid_rows=1,panel_threads=1",92.8073021597229
SLATE,4,fp64,163840,"nb=1536,ib=32,la=2,grid_rows=1,panel_threads=1",163.50634327204898
SLATE,4,fp64,196608,"nb=1536,ib=32,la=1,grid_rows=1,panel_threads=1",222.6001779078506
SLATE,4,fp64,229376,"nb=1536,ib=32,la=1,grid_rows=1,panel_threads=1",311.1304356972687
cuSOLVERMp,4,fp32,131072,"nb=256,grid_rows=4",20.96230663685128
cuSOLVERMp,4,fp32,163840,"nb=256,grid_rows=4",38.88072563102469
cuSOLVERMp,4,fp32,196608,"nb=256,grid_rows=4",65.09679494518787
cuSOLVERMp,4,fp32,229376,"nb=256,grid_rows=4",101.10544836334884
cuSOLVERMp,4,fp32,262144,"nb=256,grid_rows=4",149.43381466064602
cuSOLVERMp,4,fp32,294912,"nb=256,grid_rows=4",210.25648513622582
cuSOLVERMp,4,fp32,327680,"nb=256,grid_rows=4",286.9335178239271
cuSOLVERMp,4,fp64,131072,"nb=256,grid_rows=4",21.19037328613922
cuSOLVERMp,4,fp64,163840,"nb=256,grid_rows=1",39.29785455809906
cuSOLVERMp,4,fp64,196608,"nb=256,grid_rows=1",65.57904511131346
cuSOLVERMp,4,fp64,229376,"nb=256,grid_rows=4",101.45690503995866
MAGMA,8,fp32,131072,"nb=64,threads=16",15.76286908518523
MAGMA,8,fp32,163840,"nb=128,threads=16",26.386915341950953
MAGMA,8,fp32,196608,"nb=128,threads=16",40.61546886153519
MAGMA,8,fp32,229376,"nb=128,threads=16",62.95116396807134
MAGMA,8,fp32,262144,"nb=128,threads=16",89.01948054227978
MAGMA,8,fp32,294912,"nb=128,threads=16",125.22697003744543
MAGMA,8,fp32,327680,"nb=128,threads=16",169.6859680628404
MAGMA,8,fp64,131072,"nb=64,threads=16",28.022344319149852
MAGMA,8,fp64,163840,"nb=64,threads=16",40.81135620176792
MAGMA,8,fp64,196608,"nb=128,threads=16",73.71685499232262
MAGMA,8,fp64,229376,"nb=128,threads=16",102.0088768908754
MAGMA,8,fp64,262144,"nb=64,threads=16",130.79394216183573
MAGMA,8,fp64,294912,"nb=128,threads=16",178.6184072960168
SLATE,8,fp32,131072,"nb=1024,ib=64,la=1,grid_rows=2,panel_threads=4",26.860341247171164
SLATE,8,fp32,163840,"nb=1024,ib=64,la=1,grid_rows=2,panel_threads=4",43.65716910175979
SLATE,8,fp32,196608,"nb=1024,ib=64,la=1,grid_rows=2,panel_threads=4",66.45010623708367
SLATE,8,fp32,229376,"nb=1024,ib=64,la=1,grid_rows=2,panel_threads=4",96.00711204018444
SLATE,8,fp32,262144,"nb=1024,ib=64,la=1,grid_rows=2,panel_threads=4",128.97709695156664
SLATE,8,fp32,294912,"nb=1024,ib=64,la=1,grid_rows=2,panel_threads=4",174.0543473046273
SLATE,8,fp32,327680,"nb=1024,ib=64,la=1,grid_rows=2,panel_threads=4",222.36755359638482
SLATE,8,fp64,131072,"nb=1024,ib=64,la=1,grid_rows=1,panel_threads=4",50.47213349211961
SLATE,8,fp64,163840,"nb=1024,ib=64,la=1,grid_rows=1,panel_threads=4",72.82733106799424
SLATE,8,fp64,196608,"nb=1024,ib=64,la=1,grid_rows=1,panel_threads=4",113.40631727129221
SLATE,8,fp64,229376,"nb=1024,ib=64,la=1,grid_rows=1,panel_threads=4",152.64640257693827
SLATE,8,fp64,262144,"nb=1024,ib=64,la=1,grid_rows=1,panel_threads=4",210.66000300552696
SLATE,8,fp64,294912,"nb=1024,ib=64,la=1,grid_rows=1,panel_threads=4",278.3425744185224
cuSOLVERMp,8,fp32,131072,"nb=256,grid_rows=8",11.488455741666257
cuSOLVERMp,8,fp32,163840,"nb=256,grid_rows=8",20.876952515915036
cuSOLVERMp,8,fp32,196608,"nb=256,grid_rows=8",34.47839922644198
cuSOLVERMp,8,fp32,229376,"nb=256,grid_rows=8",53.24650815408677
cuSOLVERMp,8,fp32,262144,"nb=256,grid_rows=8",77.6714066984132
cuSOLVERMp,8,fp32,294912,"nb=256,grid_rows=8",108.78068575169891
cuSOLVERMp,8,fp32,327680,"nb=256,grid_rows=8",147.43257009610534
cuSOLVERMp,8,fp64,131072,"nb=256,grid_rows=8",11.701489519327879
cuSOLVERMp,8,fp64,163840,"nb=256,grid_rows=8",21.46560546848923
cuSOLVERMp,8,fp64,196608,"nb=256,grid_rows=8",35.52041225787252
cuSOLVERMp,8,fp64,229376,"nb=256,grid_rows=8",54.35817812848836
cuSOLVERMp,8,fp64,262144,"nb=256,grid_rows=8",78.56299608480185
cuSOLVERMp,8,fp64,294912,"nb=256,grid_rows=8",109.96261822525412
