id,kind,library,precision,gpus,m,n,time_s,tflops,residual,orthogonality,validation,repetitions,timing_statistic,configuration
9df02e8d7715919a,gemm,GEMM,3xtf32,1,256,256,1.1608e-05,2.8906,,,passed,3,reported run median,"{""config"":""64x128x32_32x64x32_s4"",""impl"":""cutlass2""}"
19a4641e8932ca9d,gemm,GEMM,3xtf32,1,512,512,1.9666e-05,13.65,,,passed,3,reported run median,"{""config"":""64x128x32_32x64x32_s4"",""impl"":""cutlass2""}"
c136c5b16b327214,gemm,GEMM,3xtf32,1,1024,1024,3.5984e-05,59.6786,,,passed,3,reported run median,"{""config"":""64x128x32_32x64x32_s4"",""impl"":""cutlass2""}"
e07389991c90fa11,gemm,GEMM,3xtf32,1,2048,2048,0.000246405,69.7219,,,passed,3,reported run median,"{""config"":""64x128x32_32x64x32_s4"",""impl"":""cutlass2""}"
a74326e0c8efd42c,gemm,GEMM,3xtf32,1,4096,4096,0.001950213,70.4738,,,passed,3,reported run median,"{""config"":""64x128x32_32x64x32_s4"",""impl"":""cutlass2""}"
1b87c81ebca47e56,gemm,GEMM,3xtf32,1,8192,8192,0.01554232,70.7431,,,passed,3,reported run median,"{""config"":""64x128x32_32x64x32_s4"",""impl"":""cutlass2""}"
c9482b02df79fadc,gemm,GEMM,3xtf32,1,16384,16384,0.127074783,69.2198,,,passed,3,reported run median,"{""config"":""64x128x32_32x64x32_s4"",""impl"":""cutlass2""}"
95f23091201654e6,gemm,GEMM,3xtf32,1,32768,32768,1.080113037,65.1494,,,passed,3,reported run median,"{""config"":""64x128x32_32x64x32_s4"",""impl"":""cutlass2""}"
eb65590a5e9fb542,gemm,GEMM,3xtf32,1,65536,65536,8.896390625,63.2785,,,passed,3,reported run median,"{""config"":""64x128x32_32x64x32_s4"",""impl"":""cutlass2""}"
3a437b3d4d81ec30,gemm,GEMM,3xtf32,1,80000,80000,16.272708008,62.9274,,,passed,3,reported run median,"{""config"":""64x128x32_32x64x32_s4"",""impl"":""cutlass2""}"
a9cf333812851ba1,gemm,GEMM,fp32,1,256,256,7.355000000000001e-06,4.5619,,,passed,3,reported run median,"{""config"":""best_TN_32F/heuristic#6_of_7"",""impl"":""cublaslt""}"
2a26fcff70f68899,gemm,GEMM,fp32,1,512,512,1.4045e-05,19.1132,,,passed,3,reported run median,"{""config"":""gemmex_NN_32F"",""impl"":""cublas""}"
0a8f3ef2f2a1513b,gemm,GEMM,fp32,1,1024,1024,5.5877e-05,38.4324,,,passed,3,reported run median,"{""config"":""best_TN_32F/heuristic#2_of_8"",""impl"":""cublaslt""}"
d77894b3c7048d81,gemm,GEMM,fp32,1,2048,2048,0.0003431,50.0724,,,passed,3,reported run median,"{""config"":""gemmex_NN_32F"",""impl"":""cublas""}"
95f6e59cb85a9598,gemm,GEMM,fp32,1,4096,4096,0.002686026,51.1681,,,passed,3,reported run median,"{""config"":""gemmex_NN_32F"",""impl"":""cublas""}"
fabb28920e19ec06,gemm,GEMM,fp32,1,8192,8192,0.021620096000000002,50.856,,,passed,3,reported run median,"{""config"":""best_TN_32F/heuristic#0_of_4"",""impl"":""cublaslt""}"
72709151b4b7a2cc,gemm,GEMM,fp32,1,16384,16384,0.16377314799999998,53.709,,,passed,3,reported run median,"{""config"":""gemmex_NN_32F"",""impl"":""cublas""}"
9c3ca8f3f44ff9e6,gemm,GEMM,fp32,1,32768,32768,1.320880493,53.2741,,,passed,3,reported run median,"{""config"":""gemmex_NN_32F"",""impl"":""cublas""}"
e089fa8ffd610a93,gemm,GEMM,fp32,1,65536,65536,10.541541016,53.403,,,passed,3,reported run median,"{""config"":""gemmex_NN_32F"",""impl"":""cublas""}"
b830120a0efbecd7,gemm,GEMM,fp32,1,80000,80000,19.914890625,51.4188,,,passed,5,reported run median,"{""config"":""gemmex_NN_32F"",""impl"":""cublas""}"
e31e299f219b7630,gemm,GEMM,fp64,1,256,256,5.250999999999999e-06,6.3907,,,passed,3,reported run median,"{""config"":""best_TN_64F/heuristic#2_of_8"",""impl"":""cublaslt""}"
179439afa679e090,gemm,GEMM,fp64,1,512,512,8.224000000000001e-06,32.6408,,,passed,3,reported run median,"{""config"":""best_TN_64F/heuristic#4_of_8"",""impl"":""cublaslt""}"
0cf17e965452d4d1,gemm,GEMM,fp64,1,1024,1024,4.0348e-05,53.2237,,,passed,3,reported run median,"{""config"":""gemmex_TN_64F"",""impl"":""cublas""}"
c04bf37842b6c7ce,gemm,GEMM,fp64,1,2048,2048,0.000292161,58.8027,,,passed,3,reported run median,"{""config"":""gemmex_TN_64F"",""impl"":""cublas""}"
b3dfcb4d57a1e442,gemm,GEMM,fp64,1,4096,4096,0.0024213439999999998,56.7614,,,passed,3,reported run median,"{""config"":""gemmex_TN_64F"",""impl"":""cublas""}"
b2d39f09509763b7,gemm,GEMM,fp64,1,8192,8192,0.019977951,55.0363,,,passed,3,reported run median,"{""config"":""gemmex_NN_64F"",""impl"":""cublas""}"
838c75a4efa26aea,gemm,GEMM,fp64,1,16384,16384,0.153548676,57.2854,,,passed,3,reported run median,"{""config"":""best_TN_64F/heuristic#1_of_6"",""impl"":""cublaslt""}"
16a409ea6e3c37e5,gemm,GEMM,fp64,1,32768,32768,1.225378418,57.4261,,,passed,3,reported run median,"{""config"":""best_TN_64F/heuristic#0_of_6"",""impl"":""cublaslt""}"
f89049975c117817,gemm,GEMM,fp64,1,65536,65536,9.886686523,56.9402,,,passed,3,reported run median,"{""config"":""best_TN_64F/heuristic#0_of_6"",""impl"":""cublaslt""}"
73d5793c81d6910a,gemm,GEMM,fp64,1,80000,80000,18.188898438,56.2981,,,passed,3,reported run median,"{""config"":""best_TN_64F/heuristic#0_of_6"",""impl"":""cublaslt""}"
f8d3f8c868a38074,gemm,GEMM,tf32,1,256,256,5.299e-06,6.3317,,,passed,3,reported run median,"{""config"":""best_TN_32F_FAST_TF32/heuristic#0_of_8"",""impl"":""cublaslt""}"
6c77637cb0c6d699,gemm,GEMM,tf32,1,512,512,6.451e-06,41.609,,,passed,3,reported run median,"{""config"":""best_TN_32F_FAST_TF32/heuristic#5_of_8"",""impl"":""cublaslt""}"
82e5662718ff159a,gemm,GEMM,tf32,1,1024,1024,1.1948e-05,179.7362,,,passed,3,reported run median,"{""config"":""best_TN_32F_FAST_TF32/heuristic#2_of_8"",""impl"":""cublaslt""}"
0f875aa80c646497,gemm,GEMM,tf32,1,2048,2048,4.8868e-05,351.5582,,,passed,3,reported run median,"{""config"":""gemmex_TN_32F_FAST_TF32"",""impl"":""cublas""}"
08d804daee6c9188,gemm,GEMM,tf32,1,4096,4096,0.000367068,374.4237,,,passed,3,reported run median,"{""config"":""gemmex_TN_32F_FAST_TF32"",""impl"":""cublas""}"
daaaf4fbdb1c9e2d,gemm,GEMM,tf32,1,8192,8192,0.0030805729999999996,356.9179,,,passed,3,reported run median,"{""config"":""gemmex_TN_32F_FAST_TF32"",""impl"":""cublas""}"
e1d3d5030f63fa0a,gemm,GEMM,tf32,1,16384,16384,0.024128752,364.5482,,,passed,3,reported run median,"{""config"":""gemmex_NN_32F_FAST_TF32"",""impl"":""cublas""}"
bca9f27f78fda6fe,gemm,GEMM,tf32,1,32768,32768,0.202771835,347.0341,,,passed,3,reported run median,"{""config"":""best_TN_32F_FAST_TF32/heuristic#2_of_8"",""impl"":""cublaslt""}"
ce235eb9571db113,gemm,GEMM,tf32,1,65536,65536,1.610952515,349.4516,,,passed,3,reported run median,"{""config"":""best_TN_32F_FAST_TF32/heuristic#4_of_8"",""impl"":""cublaslt""}"
be54ff8012bedf4e,gemm,GEMM,tf32,1,80000,80000,2.994758789,341.9307,,,passed,3,reported run median,"{""config"":""best_TN_32F_FAST_TF32/heuristic#4_of_8"",""impl"":""cublaslt""}"
205a729d94ed0bd7,qr,cuSOLVER,fp32,1,256,256,0.0006089182570576668,0.036736657300151944,5.5193810033402e-07,7.668150507296389e-07,passed,,fastest tuned configuration (run median),"{""tuned"": ""default""}"
2be05740ab500eea,qr,cuSOLVER,fp32,1,300,300,0.0007808580994606018,0.04610312683555174,5.798134650358273e-07,7.484600885372098e-07,passed,,fastest tuned configuration (run median),"{""tuned"": ""bf16x9""}"
babb06ced0dddd86,qr,cuSOLVER,fp32,1,512,512,0.0015496192499995232,0.1154844783108636,5.615421200935899e-07,7.26490873994483e-07,passed,,fastest tuned configuration (run median),"{""tuned"": ""bf16x9""}"
571bf8e19ec6e813,qr,cuSOLVER,fp32,1,700,700,0.002318981569260359,0.19721300910519965,7.70090988375994e-07,7.303876338145336e-07,passed,,fastest tuned configuration (run median),"{""tuned"": ""default""}"
78f9b7bfe80b90be,qr,cuSOLVER,fp32,1,1024,1024,0.0037699020467698574,0.37975940689493787,7.145759539509595e-07,7.375384370138989e-07,passed,,fastest tuned configuration (run median),"{""tuned"": ""bf16x9""}"
c511e9adcd3e7629,qr,cuSOLVER,fp32,1,1500,1500,0.006191663909703493,0.72678363451667,8.203387058975236e-07,7.436877106151658e-07,passed,,fastest tuned configuration (run median),"{""tuned"": ""bf16x9""}"
097b0a3f76eccf5d,qr,cuSOLVER,fp32,1,2048,2048,0.00890129990875721,1.2866936559904942,8.932943586273064e-07,7.148732079830565e-07,passed,,fastest tuned configuration (run median),"{""tuned"": ""default""}"
8f8a3da6ca3b0754,qr,cuSOLVER,fp32,1,3000,3000,0.014940258115530014,2.4095969240704704,1.0488784085316689e-06,7.33706533893568e-07,passed,,fastest tuned configuration (run median),"{""tuned"": ""bf16x9""}"
6006c15b57f38709,qr,cuSOLVER,fp32,1,4096,4096,0.02271687099710107,4.03338862086358,1.1001744795263161e-06,7.574909252248208e-07,passed,,fastest tuned configuration (run median),"{""tuned"": ""bf16x9""}"
fdc2cd2d16bcccfb,qr,cuSOLVER,fp32,1,6000,6000,0.04110489971935749,7.006463997389889,1.256590070926347e-06,7.860788673819843e-07,passed,,fastest tuned configuration (run median),"{""tuned"": ""bf16x9""}"
f35afb81a8958802,qr,cuSOLVER,fp32,1,8192,8192,0.06900998204946518,10.621764128633727,1.4534743238855688e-06,8.302228835603644e-07,passed,,fastest tuned configuration (run median),"{""tuned"": ""default""}"
cc4ca22ba1745de6,qr,cuSOLVER,fp32,1,12000,12000,0.14657007902860641,15.719442980926026,1.80261494140192e-06,8.931242774713781e-07,passed,,fastest tuned configuration (run median),"{""tuned"": ""default""}"
75bd4609291d0f47,qr,cuSOLVER,fp32,1,16384,16384,0.3153181178495288,18.597288524992685,1.9796111026383883e-06,9.540902402017843e-07,passed,,fastest tuned configuration (run median),"{""tuned"": ""default""}"
33940d22aabfcfc0,qr,cuSOLVER,fp32,1,24000,24000,0.73970552906394,24.918023829461927,2.278748847543186e-06,1.0397892469489155e-06,passed,,fastest tuned configuration (run median),"{""tuned"": ""default""}"
273d8811d517d4af,qr,cuSOLVER,fp32,1,32768,32768,1.5519828647375107,30.2274575218181,2.6080971437050228e-06,1.1160455077267469e-06,passed,,fastest tuned configuration (run median),"{""tuned"": ""bf16x9""}"
b3212fd5aa027b5a,qr,cuSOLVER,fp32,1,48000,48000,4.272597115952522,34.512030036589714,5.474470543662086e-06,1.2426001544418809e-06,passed,,fastest tuned configuration (run median),"{""tuned"": ""default""}"
e6bf24cc656af506,qr,cuSOLVER,fp32,1,65536,65536,10.02616510214284,37.43205553909444,7.203807667595176e-06,1.371968410268444e-06,passed,,fastest tuned configuration (run median),"{""tuned"": ""default""}"
030bfbed51f50cc4,qr,cuSOLVER,fp32,1,80000,80000,17.653718159068376,38.66985189836589,8.261224025410814e-06,1.4802339883553948e-06,passed,,fastest tuned configuration (run median),"{""tuned"": ""default""}"
25ae2eee1ff209c8,qr,cuSOLVER,fp32,1,98304,98304,31.760183581151068,39.88129955110435,9.39731174276226e-06,1.6142791144067696e-06,passed,,fastest tuned configuration (run median),"{""tuned"": ""default""}"
ff49578b4609f09d,qr,cuSOLVER,fp32,1,114688,114688,50.28791103512049,39.997152987196266,1.0274387626257578e-05,1.7222814179398623e-06,passed,,fastest tuned configuration (run median),"{""tuned"": ""default""}"
6d5d4926472dd343,qr,cuSOLVER,fp32,1,131072,131072,73.36069755582139,40.926543116574834,1.1071472563469085e-05,1.8002106398160515e-06,passed,,fastest tuned configuration (run median),"{""tuned"": ""default""}"
2cd0988d0c40d168,qr,cuSOLVER,fp64,1,256,256,0.0006546080112457275,0.034172544406787284,1.2560954650960794e-15,1.7362525510743888e-15,passed,,fastest tuned configuration (run median),"{""tuned"": ""default""}"
8cc52c18e4177b6b,qr,cuSOLVER,fp64,1,300,300,0.0008417293429374695,0.04276909234786457,1.3980194961935123e-15,1.6667007436701512e-15,passed,,fastest tuned configuration (run median),"{""tuned"": ""default""}"
3450f82b5d358e45,qr,cuSOLVER,fp64,1,512,512,0.0016368553042411804,0.10932974356559158,1.70012523139408e-15,1.7072248028313607e-15,passed,,fastest tuned configuration (run median),"{""tuned"": ""default""}"
1887c1edd4509bd8,qr,cuSOLVER,fp64,1,700,700,0.002477962989360094,0.18456019532859708,2.408095895704627e-15,1.5287897729608941e-15,passed,,fastest tuned configuration (run median),"{""tuned"": ""default""}"
8d3572fbf87469c7,qr,cuSOLVER,fp64,1,1024,1024,0.004042629152536392,0.3541397717460915,2.448464732664788e-15,1.589713973832908e-15,passed,,fastest tuned configuration (run median),"{""tuned"": ""default""}"
8051f099a4b2ac99,qr,cuSOLVER,fp64,1,1500,1500,0.006648574024438858,0.6768368650869916,2.7465179205736008e-15,1.5507110492872144e-15,passed,,fastest tuned configuration (run median),"{""tuned"": ""default""}"
f8bc5595ce2a00fc,qr,cuSOLVER,fp64,1,2048,2048,0.009753465186804533,1.174274568402804,2.9619998788743985e-15,1.5955773254933785e-15,passed,,fastest tuned configuration (run median),"{""tuned"": ""default""}"
b4f6d49126f9e1bb,qr,cuSOLVER,fp64,1,3000,3000,0.015993830747902393,2.250867885714086,3.1181724889425015e-15,1.625378346252207e-15,passed,,fastest tuned configuration (run median),"{""tuned"": ""default""}"
2c729d6dc77da963,qr,cuSOLVER,fp64,1,4096,4096,0.02450069785118103,3.7397289472273783,3.54508488817063e-15,1.7310847224277077e-15,passed,,fastest tuned configuration (run median),"{""tuned"": ""default""}"
787b7dbb75d65ac4,qr,cuSOLVER,fp64,1,6000,6000,0.04383307974785566,6.57038021641838,3.657053763900743e-15,1.7947763061449612e-15,passed,,fastest tuned configuration (run median),"{""tuned"": ""default""}"
562915f4453ff531,qr,cuSOLVER,fp64,1,8192,8192,0.07327506085857749,10.003509287633184,3.976842722245949e-15,1.8954605197043548e-15,passed,,fastest tuned configuration (run median),"{""tuned"": ""default""}"
e55dee2bf8334465,qr,cuSOLVER,fp64,1,12000,12000,0.1465890035033226,15.717413618599142,4.816053479655089e-15,2.0652040961915994e-15,passed,,fastest tuned configuration (run median),"{""tuned"": ""default""}"
e6f07f3fea955ed0,qr,cuSOLVER,fp64,1,16384,16384,0.31409597769379616,18.669650142804606,5.927653913047551e-15,2.2777399216195052e-15,passed,,fastest tuned configuration (run median),"{""tuned"": ""default""}"
d4713f5842eb68b0,qr,cuSOLVER,fp64,1,24000,24000,0.7209460660815239,25.566406236435068,9.248812130080929e-15,2.706628845159148e-15,passed,,fastest tuned configuration (run median),"{""tuned"": ""default""}"
2a8e947c6a56c32e,qr,cuSOLVER,fp64,1,32768,32768,1.4764030119404197,31.774858042849765,1.0969900647228915e-14,3.1410671959722522e-15,passed,,fastest tuned configuration (run median),"{""tuned"": ""default""}"
3588998eba1a06a6,qr,cuSOLVER,fp64,1,48000,48000,3.927983129862696,37.53987609543383,1.3416380862849004e-14,3.759929362472901e-15,passed,,fastest tuned configuration (run median),"{""tuned"": ""default""}"
3ee6077984a53054,qr,cuSOLVER,fp64,1,65536,65536,9.05714591871947,41.43689108197591,1.5711637343868762e-14,4.198135016780305e-15,passed,,fastest tuned configuration (run median),"{""tuned"": ""default""}"
6b6d3319c10275d0,qr,cuSOLVER,fp64,1,80000,80000,15.833843396045268,43.114400565384685,1.736201485933671e-14,4.5192798385285476e-15,passed,,fastest tuned configuration (run median),"{""tuned"": ""default""}"
8b242557ca00e38c,qr,cuSOLVER,fp64,1,98304,98304,28.12981277704239,45.02829098925585,1.926634513672242e-14,4.902483275970617e-15,passed,,fastest tuned configuration (run median),"{""tuned"": ""default""}"
8cf3bfcff6b56bc3,qr,cuSOLVER,fp64,1,114688,114688,44.543887,45.154866504538084,2.081010249158632e-14,5.229407169141368e-15,passed,,fastest tuned configuration (run median),"{""tuned"": ""default""}"
a5b8280f609e0543,qr,cuSOLVER,fp64,1,131072,131072,64.241116207093,46.7364194280427,2.224696977690937e-14,5.534589853461928e-15,passed,,fastest tuned configuration (run median),"{""tuned"": ""default""}"
0aa91ec19549a26c,qr,MAGMA,fp32,1,256,256,0.0009329092904912322,0.023978345549066617,5.697140935851942e-07,7.708142788383715e-07,passed,,fastest tuned configuration (run median),"{""tuned"": ""nb=256""}"
74cb4f5ad8b6d814,qr,MAGMA,fp32,1,300,300,0.001712544645807204,0.02102134977218739,5.192194865541628e-07,5.639050772187542e-07,passed,,fastest tuned configuration (run median),"{""tuned"": ""nb=128""}"
028635251bb1bb2e,qr,MAGMA,fp32,1,512,512,0.0021570164827627927,0.08296504551390885,6.270649133123607e-07,7.458203404467217e-07,passed,,fastest tuned configuration (run median),"{""tuned"": ""nb=256""}"
f95eb573b76129e7,qr,MAGMA,fp32,1,700,700,0.0037197680212557316,0.12294673504369373,8.278363159430774e-07,7.296940284828107e-07,passed,,fastest tuned configuration (run median),"{""tuned"": ""nb=128""}"
1fae25bc2e9cb5fd,qr,MAGMA,fp32,1,1024,1024,0.004989819135516882,0.2869153623511109,8.39527377545609e-07,7.741482079948041e-07,passed,,fastest tuned configuration (run median),"{""tuned"": ""nb=128""}"
c0fd6c88a975b9fa,qr,MAGMA,fp32,1,1500,1500,0.00843655563451588,0.5333930332408964,9.228843377192938e-07,7.743892208943295e-07,passed,,fastest tuned configuration (run median),"{""tuned"": ""nb=128""}"
a88268b1d5e9357a,qr,MAGMA,fp32,1,2048,2048,0.013031545095145702,0.8788862747313856,8.647884245726994e-07,8.094119068823122e-07,passed,,fastest tuned configuration (run median),"{""tuned"": ""nb=32""}"
569a9bb61fe66900,qr,MAGMA,fp32,1,3000,3000,0.02348962239921093,1.532591686157089,9.077751526445624e-07,7.972013791344124e-07,passed,,fastest tuned configuration (run median),"{""tuned"": ""nb=32""}"
147d54014494603e,qr,MAGMA,fp32,1,4096,4096,0.03562999933291147,2.57159614641638,9.894900202610151e-07,8.40297795298127e-07,passed,,fastest tuned configuration (run median),"{""tuned"": ""nb=32""}"
12c8c8ca40e88694,qr,MAGMA,fp32,1,6000,6000,0.05943514313548803,4.845618009928516,1.1785748453193106e-06,8.614076649072883e-07,passed,,fastest tuned configuration (run median),"{""tuned"": ""nb=32""}"
05547e59ea990a7d,qr,MAGMA,fp32,1,8192,8192,0.0929733132943511,7.884066146271276,1.4687858568220437e-06,9.187829152233828e-07,passed,,fastest tuned configuration (run median),"{""tuned"": ""nb=32""}"
8816cd9cf9325e33,qr,MAGMA,fp32,1,12000,12000,0.1821320191712829,12.650164482244294,1.6979811772245278e-06,9.89356813043508e-07,passed,,fastest tuned configuration (run median),"{""tuned"": ""nb=32""}"
06bbb09b73857cfd,qr,MAGMA,fp32,1,16384,16384,0.32093910929380254,18.271571911907746,1.95064901060579e-06,9.977569369041751e-07,passed,,fastest tuned configuration (run median),"{""tuned"": ""nb=64""}"
6112f8f8103a468b,qr,MAGMA,fp32,1,24000,24000,0.7396496240980923,24.919907209410745,2.3751232706249924e-06,1.0412465120981184e-06,passed,,fastest tuned configuration (run median),"{""tuned"": ""nb=128""}"
78d6f745ecdf0b76,qr,MAGMA,fp32,1,32768,32768,1.5573144918307662,30.123970697333405,3.117661396475389e-06,1.1172716538817707e-06,passed,,fastest tuned configuration (run median),"{""tuned"": ""nb=128""}"
cc68bcc533de0536,qr,MAGMA,fp32,1,48000,48000,3.6374043822288513,40.53879758885787,6.336342825993783e-06,1.2433956657204982e-06,passed,,fastest tuned configuration (run median),"{""tuned"": ""nb=384""}"
a294f6e66bc9b001,qr,MAGMA,fp32,1,65536,65536,8.700162595137954,43.137121271420376,7.700847422647754e-06,1.3793927547198067e-06,passed,,fastest tuned configuration (run median),"{""tuned"": ""nb=384""}"
f3e62d9906af789c,qr,MAGMA,fp32,1,80000,80000,14.755899285094408,46.26398252502704,8.83485844933399e-06,1.4745442035635098e-06,passed,,fastest tuned configuration (run median),"{""tuned"": ""nb=768""}"
88672b466e27f6c4,qr,MAGMA,fp32,1,98304,98304,27.224701258705313,46.52530006340969,9.749511893516124e-06,1.6058953640784372e-06,passed,,fastest tuned configuration (run median),"{""tuned"": ""nb=512""}"
8e443e2305506fb4,qr,MAGMA,fp32,1,114688,114688,42.179104128728454,47.68648629756624,1.0601093774179134e-05,1.718834948727892e-06,passed,,fastest tuned configuration (run median),"{""tuned"": ""nb=768""}"
c5d470b0bed8aa75,qr,MAGMA,fp32,1,131072,131072,64.52267353236675,46.532475906693875,1.1244119754043807e-05,1.7937765510524966e-06,passed,,fastest tuned configuration (run median),"{""tuned"": ""nb=384""}"
a26ec4540d5d1933,qr,MAGMA,fp64,1,256,256,0.001234274369703922,0.01812370238126176,1.2221460856541458e-15,1.762220159628332e-15,passed,,fastest tuned configuration (run median),"{""tuned"": ""nb=256""}"
063fd4060dae4aff,qr,MAGMA,fp64,1,300,300,0.0021922863088548183,0.016421212801718984,1.1281962843461114e-15,1.0431033368925642e-15,passed,,fastest tuned configuration (run median),"{""tuned"": ""nb=128""}"
bb651e7748436a58,qr,MAGMA,fp64,1,512,512,0.003323795273900032,0.05384115323585632,1.384908360596179e-15,1.1768247564679591e-15,passed,,fastest tuned configuration (run median),"{""tuned"": ""nb=64""}"
fc1ed82980ac1a9e,qr,MAGMA,fp64,1,700,700,0.00431659925611121,0.10594760046021534,1.9521756303689357e-15,1.3173444913065014e-15,passed,,fastest tuned configuration (run median),"{""tuned"": ""nb=64""}"
b58c840cd1d74ee1,qr,MAGMA,fp64,1,1024,1024,0.006149450782686472,0.23281034614735055,2.0800578733271152e-15,1.4399026109648835e-15,passed,,fastest tuned configuration (run median),"{""tuned"": ""nb=64""}"
0e5e4f0274669368,qr,MAGMA,fp64,1,1500,1500,0.008906552102416754,0.5052460198126438,2.535690476066883e-15,1.4931373526519014e-15,passed,,fastest tuned configuration (run median),"{""tuned"": ""nb=64""}"
54d60933d24925e9,qr,MAGMA,fp64,1,2048,2048,0.015621224883943796,0.7331848947670443,2.5915937924455383e-15,1.527364119591266e-15,passed,,fastest tuned configuration (run median),"{""tuned"": ""nb=64""}"
125dd82f3781c808,qr,MAGMA,fp64,1,3000,3000,0.028867750894278288,1.2470663243507258,2.365715715822115e-15,1.6073481216396773e-15,passed,,fastest tuned configuration (run median),"{""tuned"": ""nb=32""}"
aeed53e814118ccd,qr,MAGMA,fp64,1,4096,4096,0.04598104329714678,1.9926900829372636,2.619486040370849e-15,1.7335517619688128e-15,passed,,fastest tuned configuration (run median),"{""tuned"": ""nb=32""}"
37f6f1168b41d873,qr,MAGMA,fp64,1,6000,6000,0.08067111810669303,3.570050927261234,2.9205620562111917e-15,1.8149990518143843e-15,passed,,fastest tuned configuration (run median),"{""tuned"": ""nb=32""}"
c56235b6df90cb34,qr,MAGMA,fp64,1,8192,8192,0.12129410402849317,6.0432265667132175,3.4645572211187796e-15,1.9036789957045202e-15,passed,,fastest tuned configuration (run median),"{""tuned"": ""nb=32""}"
b079fc56840cc8bf,qr,MAGMA,fp64,1,12000,12000,0.23270337795838714,9.901016565440703,4.016673145514471e-15,1.9832152732575762e-15,passed,,fastest tuned configuration (run median),"{""tuned"": ""nb=32""}"
907fd404f911aaab,qr,MAGMA,fp64,1,16384,16384,0.41183152236044407,14.238982924849973,4.838385407732417e-15,2.0161709245656197e-15,passed,,fastest tuned configuration (run median),"{""tuned"": ""nb=64""}"
821b728eb7303d51,qr,MAGMA,fp64,1,24000,24000,0.8689706930890679,21.21130222985639,5.5613698198402966e-15,2.2615584302202787e-15,passed,,fastest tuned configuration (run median),"{""tuned"": ""nb=64""}"
aebd6b4284206a67,qr,MAGMA,fp64,1,32768,32768,1.9894202720438714,23.580988279689215,7.0805592521184885e-15,2.522573436412859e-15,passed,,fastest tuned configuration (run median),"{""tuned"": ""nb=64""}"
c401bd08b482f2e5,qr,MAGMA,fp64,1,48000,48000,4.575169066898525,32.2296286418896,1.180535492508312e-14,3.746407358360676e-15,passed,,fastest tuned configuration (run median),"{""tuned"": ""nb=128""}"
8de289cfe3b49729,qr,MAGMA,fp64,1,65536,65536,10.666026260844982,35.18648461660635,1.4741514591154033e-14,4.200116018566312e-15,passed,,fastest tuned configuration (run median),"{""tuned"": ""nb=128""}"
7a40f7114655250e,qr,MAGMA,fp64,1,80000,80000,16.48590389976887,41.409113556475205,1.734550206693266e-14,4.5177110809275336e-15,passed,,fastest tuned configuration (run median),"{""tuned"": ""nb=384""}"
ae382d45747fb6bb,qr,MAGMA,fp64,1,98304,98304,29.13549082591797,43.474036623100005,1.9240357538060365e-14,4.890281565948257e-15,passed,,fastest tuned configuration (run median),"{""tuned"": ""nb=384""}"
876590ac2a34144b,qr,MAGMA,fp64,1,114688,114688,44.02679997478709,45.68520247281397,2.0792476812410512e-14,5.226614115950106e-15,passed,,fastest tuned configuration (run median),"{""tuned"": ""nb=384""}"
2a79c8af97805a9a,qr,MAGMA,fp64,1,131072,131072,68.25937143433839,43.985165530984524,2.2167882279821943e-14,5.533878388187516e-15,passed,,fastest tuned configuration (run median),"{""tuned"": ""nb=256""}"
cce02a4ed534adc9,qr,SLATE,fp32,1,256,256,0.0037615178152918816,0.005946966738371681,6.489633253624183e-07,1.155680459257256e-06,passed,,fastest tuned configuration (run median),"{""tuned"": ""nb=256,ib=32,la=1""}"
b694451d88fe182c,qr,SLATE,fp32,1,300,300,0.004714251030236483,0.00763641981920384,1.0631610714255068e-06,1.0721470600672835e-06,passed,,fastest tuned configuration (run median),"{""tuned"": ""nb=256,ib=32,la=1""}"
88d2f65589ce6f89,qr,SLATE,fp32,1,512,512,0.0061018685810267925,0.02932822434477156,9.586752075306096e-07,1.160298629644158e-06,passed,,fastest tuned configuration (run median),"{""tuned"": ""nb=256,ib=32,la=1""}"
1c52a9b14300d505,qr,SLATE,fp32,1,700,700,0.009204863104969263,0.04968388210862593,1.2472449692782394e-06,1.2777159912201044e-06,passed,,fastest tuned configuration (run median),"{""tuned"": ""nb=512,ib=64,la=1""}"
45a37c04a33ce3e1,qr,SLATE,fp32,1,1024,1024,0.011826412752270699,0.12105579226113616,1.1438269547339616e-06,1.9645419660633267e-06,passed,,fastest tuned configuration (run median),"{""tuned"": ""nb=1024,ib=64,la=1""}"
643302b8a1452a0d,qr,SLATE,fp32,1,1500,1500,0.017601560801267624,0.2556591458455162,1.1277410998521665e-06,1.1450565566471277e-06,passed,,fastest tuned configuration (run median),"{""tuned"": ""nb=256,ib=32,la=1""}"
da61fe4e4b046f7b,qr,SLATE,fp32,1,2048,2048,0.02335078828036785,0.49048648744316564,1.1376183305588562e-06,1.1269113617938257e-06,passed,,fastest tuned configuration (run median),"{""tuned"": ""nb=256,ib=32,la=1""}"
91c4fac6950afbfa,qr,SLATE,fp32,1,3000,3000,0.03738912381231785,0.9628468476744512,1.1573475356862018e-06,1.1182506837872675e-06,passed,,fastest tuned configuration (run median),"{""tuned"": ""nb=256,ib=32,la=1""}"
d775cc079e75d163,qr,SLATE,fp32,1,4096,4096,0.05377874802798033,1.703757940472352,1.1609450697178624e-06,1.1104326342546043e-06,passed,,fastest tuned configuration (run median),"{""tuned"": ""nb=256,ib=32,la=1""}"
6c66b2f0ea0659e2,qr,SLATE,fp32,1,6000,6000,0.09096284070983529,3.1661280337396085,1.1665159542549713e-06,1.1074158753485677e-06,passed,,fastest tuned configuration (run median),"{""tuned"": ""nb=256,ib=32,la=1""}"
168883923c0188b8,qr,SLATE,fp32,1,8192,8192,0.1341824010014534,5.462771171032534,1.432595058190148e-06,1.154266832975715e-06,passed,,fastest tuned configuration (run median),"{""tuned"": ""nb=512,ib=64,la=1""}"
92ba56361cfa2b9f,qr,SLATE,fp32,1,12000,12000,0.246,9.365853658536587,1.8923739956159252e-06,1.7098265209250245e-06,passed,,fastest tuned configuration (run median),"{""tuned"": ""nb=1024,ib=32,la=1""}"
6bb41e918e2c2ad7,qr,SLATE,fp32,1,16384,16384,0.41,14.302590280013009,1.4365625232223498e-06,1.109296476695905e-06,passed,,fastest tuned configuration (run median),"{""tuned"": ""nb=512,ib=32,la=1""}"
4ca5efc703275ae1,qr,SLATE,fp32,1,24000,24000,0.9355,19.702832709780868,1.45071756396413e-06,1.1369059012312326e-06,passed,,fastest tuned configuration (run median),"{""tuned"": ""nb=512,ib=32,la=1""}"
f28808c7b7e18432,qr,SLATE,fp32,1,32768,32768,1.7499938309192657,26.80723513968029,1.9836567114669684e-06,1.898754134543504e-06,passed,,fastest tuned configuration (run median),"{""tuned"": ""nb=1024,ib=64,la=1""}"
eb872b42796ada86,qr,SLATE,fp32,1,48000,48000,4.330745793879032,34.048638968468346,2.111964956163996e-06,2.000399690295693e-06,passed,,fastest tuned configuration (run median),"{""tuned"": ""nb=1536,ib=64,la=1""}"
04bb56977dbdf611,qr,SLATE,fp32,1,65536,65536,9.484173783101141,39.571182216868394,2.021371928552831e-06,1.9254798620837394e-06,passed,,fastest tuned configuration (run median),"{""tuned"": ""nb=1024,ib=64,la=1""}"
ab73e154987e7efe,qr,SLATE,fp32,1,80000,80000,16.48709292244166,41.406127197684704,2.1237326474151804e-06,1.9501049646881948e-06,passed,,fastest tuned configuration (run median),"{""tuned"": ""nb=1536,ib=64,la=1""}"
e95c5a06c7a8f718,qr,SLATE,fp32,1,98304,98304,30.67,41.298904310334265,2.136144471674451e-06,1.93934554666915e-06,passed,,fastest tuned configuration (run median),"{""tuned"": ""nb=1536,ib=64,la=1""}"
4e173afdd90e0a6e,qr,SLATE,fp32,1,114688,114688,47.091,42.71247735402155,2.132836719737442e-06,1.9105671992043836e-06,passed,,fastest tuned configuration (run median),"{""tuned"": ""nb=1536,ib=32,la=1""}"
ac7ab72d16d81f82,qr,SLATE,fp32,1,131072,131072,70.601,42.5263063069975,2.0793281977018014e-06,1.9279413656552857e-06,passed,,fastest tuned configuration (run median),"{""tuned"": ""nb=1024,ib=64,la=1""}"
799a3a1a00c78a11,qr,SLATE,fp64,1,256,256,0.003738933242857456,0.005982888669132131,1.3715557459942946e-15,2.4920366910802195e-15,passed,,fastest tuned configuration (run median),"{""tuned"": ""nb=256,ib=32,la=1""}"
d727fe1b2f1bd11e,qr,SLATE,fp64,1,300,300,0.004874575883150101,0.007385257889705,2.4593327112011835e-15,2.3935600087201913e-15,passed,,fastest tuned configuration (run median),"{""tuned"": ""nb=256,ib=32,la=1""}"
6641843697bebb9a,qr,SLATE,fp64,1,512,512,0.0064211939461529255,0.027869734533385898,2.1604169730428742e-15,2.5873001777074196e-15,passed,,fastest tuned configuration (run median),"{""tuned"": ""nb=256,ib=32,la=1""}"
dd40396347fe02db,qr,SLATE,fp64,1,700,700,0.00880146399140358,0.05196105259079766,2.4272520399662353e-15,2.55887728889195e-15,passed,,fastest tuned configuration (run median),"{""tuned"": ""nb=256,ib=32,la=1""}"
e6e0c024bd9c0892,qr,SLATE,fp64,1,1024,1024,0.012627850286662579,0.1133728808018444,2.430208347830827e-15,2.572121020604481e-15,passed,,fastest tuned configuration (run median),"{""tuned"": ""nb=256,ib=32,la=1""}"
f5b55884d42b9760,qr,SLATE,fp64,1,1500,1500,0.018865098245441914,0.23853573098074196,2.4473709770318308e-15,2.495533181343938e-15,passed,,fastest tuned configuration (run median),"{""tuned"": ""nb=256,ib=32,la=1""}"
140f407c71a16e45,qr,SLATE,fp64,1,2048,2048,0.025326432194560766,0.45222501277248295,2.4656768612813365e-15,2.533299742174252e-15,passed,,fastest tuned configuration (run median),"{""tuned"": ""nb=256,ib=32,la=1""}"
008b3665e072f989,qr,SLATE,fp64,1,3000,3000,0.04164168005809188,0.8645184332087106,3.2190632006577756e-15,3.266311198555506e-15,passed,,fastest tuned configuration (run median),"{""tuned"": ""nb=512,ib=64,la=1""}"
1ce88276435e6d08,qr,SLATE,fp64,1,4096,4096,0.05621059378609061,1.630048053397477,2.405862054187642e-15,2.4259681034900703e-15,passed,,fastest tuned configuration (run median),"{""tuned"": ""nb=256,ib=32,la=1""}"
0fa77dd302a756b2,qr,SLATE,fp64,1,6000,6000,0.09690193412825465,2.9720769001247933,4.005568221091074e-15,4.023523120073369e-15,passed,,fastest tuned configuration (run median),"{""tuned"": ""nb=1024,ib=64,la=1""}"
ea46c1f2c464a747,qr,SLATE,fp64,1,8192,8192,0.14385707722976804,5.095388881562699,3.031693127755458e-15,3.0388062347740805e-15,passed,,fastest tuned configuration (run median),"{""tuned"": ""nb=512,ib=64,la=1""}"
5dc7e2c7bde6b8ac,qr,SLATE,fp64,1,12000,12000,0.2647800073027611,8.701563322209239,4.065847357839199e-15,3.998432552757148e-15,passed,,fastest tuned configuration (run median),"{""tuned"": ""nb=1024,ib=64,la=1""}"
b1582f5fe995c72f,qr,SLATE,fp64,1,16384,16384,0.4430730538442731,13.234977762530274,4.0068843896065345e-15,3.98995485599095e-15,passed,,fastest tuned configuration (run median),"{""tuned"": ""nb=1024,ib=64,la=1""}"
0efcab62e0baf4be,qr,SLATE,fp64,1,24000,24000,1.0183016280643642,18.10072722267607,3.93334235118934e-15,3.844749837791323e-15,passed,,fastest tuned configuration (run median),"{""tuned"": ""nb=1024,ib=64,la=1""}"
4c36927ac4b1f8b9,qr,SLATE,fp64,1,32768,32768,1.8837111610919237,24.904293761921053,3.806648428403226e-15,3.766728769946689e-15,passed,,fastest tuned configuration (run median),"{""tuned"": ""nb=1024,ib=64,la=1""}"
df98eddc46215ac2,qr,SLATE,fp64,1,48000,48000,4.727478310931474,31.191258912607505,3.784681284876991e-15,3.743050448512e-15,passed,,fastest tuned configuration (run median),"{""tuned"": ""nb=1024,ib=64,la=1""}"
966bd3579646c5e5,qr,SLATE,fp64,1,65536,65536,10.664482947904617,35.191576636285134,3.722036658881708e-15,3.679095098905193e-15,passed,,fastest tuned configuration (run median),"{""tuned"": ""nb=1024,ib=64,la=1""}"
3dc6f8d008538597,qr,SLATE,fp64,1,80000,80000,19.00954749295488,35.91177890581927,3.738172874955217e-15,3.68540387974852e-15,passed,,fastest tuned configuration (run median),"{""tuned"": ""nb=1024,ib=64,la=1""}"
d81d27b371c5f9f5,qr,SLATE,fp64,1,98304,98304,33.915,37.34740955913171,3.710615288681511e-15,3.6763636843910875e-15,passed,,fastest tuned configuration (run median),"{""tuned"": ""nb=1024,ib=32,la=1""}"
a23c4731d552a595,qr,SLATE,fp64,1,114688,114688,50.498,39.830751140208115,4.316632588459566e-15,4.278264008323438e-15,passed,,fastest tuned configuration (run median),"{""tuned"": ""nb=1536,ib=32,la=1""}"
e3d2a89c694534b0,qr,SLATE,fp64,1,131072,131072,74.288,40.415676173545265,4.331049959187241e-15,4.2846862497418844e-15,passed,,fastest tuned configuration (run median),"{""tuned"": ""nb=1536,ib=64,la=1""}"
aa9973f146e4e430,qr,MAGMA,fp32,2,229376,229376,225.1685477681458,71.4619618420002,,,timing_only,,fastest tuned configuration (run median),"{""tuned"": ""nb=128,threads=16""}"
d7312efd58c92942,qr,MAGMA,fp32,3,229376,229376,151.78070386499166,106.0147025206755,,,timing_only,,fastest tuned configuration (run median),"{""tuned"": ""nb=128,threads=16""}"
0e63b1f2be00bd37,qr,MAGMA,fp32,4,131072,131072,21.376284962054342,140.45470281248478,,,timing_only,,fastest tuned configuration (run median),"{""tuned"": ""nb=128,threads=16""}"
1f99446b58c5775e,qr,MAGMA,fp32,4,163840,163840,41.122521557379514,142.59976754156546,,,timing_only,,fastest tuned configuration (run median),"{""tuned"": ""nb=128,threads=16""}"
af4024eaa57a824e,qr,MAGMA,fp32,4,196608,196608,70.64491422474384,143.4370651133784,,,timing_only,,fastest tuned configuration (run median),"{""tuned"": ""nb=128,threads=16""}"
9235d9b26fbff71e,qr,MAGMA,fp32,4,229376,229376,112.54031953169033,142.9797448202087,,,timing_only,,fastest tuned configuration (run median),"{""tuned"": ""nb=128,threads=16""}"
47b71a137692103f,qr,MAGMA,fp32,4,262144,262144,169.61184713197872,141.61273766420794,,,timing_only,,fastest tuned configuration (run median),"{""tuned"": ""nb=128,threads=16""}"
807056973bc75dd0,qr,MAGMA,fp32,4,294912,294912,241.2381227761507,141.76536144777907,,,timing_only,,fastest tuned configuration (run median),"{""tuned"": ""nb=128,threads=16""}"
7a253fc10d44557e,qr,MAGMA,fp32,4,327680,327680,332.86625925498083,140.9349695683844,,,timing_only,,fastest tuned configuration (run median),"{""tuned"": ""nb=128,threads=16""}"
8982206cef706495,qr,MAGMA,fp64,4,131072,131072,31.00578115368262,96.83354651504173,,,timing_only,,fastest tuned configuration (run median),"{""tuned"": ""nb=64,threads=16""}"
159e46360918b7cf,qr,MAGMA,fp64,4,163840,163840,58.71943732211366,99.8657732811233,,,timing_only,,fastest tuned configuration (run median),"{""tuned"": ""nb=64,threads=16""}"
92b240d4ff537cba,qr,MAGMA,fp64,4,196608,196608,98.15886888187379,103.23162111594803,,,timing_only,,fastest tuned configuration (run median),"{""tuned"": ""nb=64,threads=16""}"
c4943432fe043399,qr,MAGMA,fp64,4,229376,229376,154.01062793890014,104.47971275728796,,,timing_only,,fastest tuned configuration (run median),"{""tuned"": ""nb=64,threads=16""}"
090bfb8e721310b2,qr,cuSOLVER,fp32,2,229376,229376,199.12324657291174,80.80917946832439,,,timing_only,,fastest tuned configuration (run median),"{""tuned"": ""nb=256,grid_rows=2""}"
dd39cd595310f7e6,qr,cuSOLVER,fp32,3,229376,229376,134.6011670343578,119.54566608266116,,,timing_only,,fastest tuned configuration (run median),"{""tuned"": ""nb=256,grid_rows=3""}"
f98259f8e9d778e5,qr,cuSOLVER,fp32,4,131072,131072,20.96230663685128,143.22850073675465,,,timing_only,,fastest tuned configuration (run median),"{""tuned"": ""nb=256,grid_rows=4""}"
34262345cb409e0e,qr,cuSOLVER,fp32,4,163840,163840,38.88072563102469,150.82182545806535,,,timing_only,,fastest tuned configuration (run median),"{""tuned"": ""nb=256,grid_rows=4""}"
25cb63f2935db308,qr,cuSOLVER,fp32,4,196608,196608,65.09679494518787,155.66202867769118,,,timing_only,,fastest tuned configuration (run median),"{""tuned"": ""nb=256,grid_rows=4""}"
1553258beb74f214,qr,cuSOLVER,fp32,4,229376,229376,101.10544836334884,159.1505347050999,,,timing_only,,fastest tuned configuration (run median),"{""tuned"": ""nb=256,grid_rows=4""}"
f5d8e5b6a21280b7,qr,cuSOLVER,fp32,4,262144,262144,149.43381466064602,160.7346909211185,,,timing_only,,fastest tuned configuration (run median),"{""tuned"": ""nb=256,grid_rows=4""}"
3ebab27842b08a05,qr,cuSOLVER,fp32,4,294912,294912,210.25648513622582,162.65471977326612,,,timing_only,,fastest tuned configuration (run median),"{""tuned"": ""nb=256,grid_rows=4""}"
970202420e29ec75,qr,cuSOLVER,fp32,4,327680,327680,286.9335178239271,163.49604770548237,,,timing_only,,fastest tuned configuration (run median),"{""tuned"": ""nb=256,grid_rows=4""}"
d1d2c17bc8072f13,qr,cuSOLVER,fp64,4,131072,131072,21.19037328613922,141.68696846620546,,,timing_only,,fastest tuned configuration (run median),"{""tuned"": ""nb=256,grid_rows=4""}"
59213a72f044237b,qr,cuSOLVER,fp64,4,163840,163840,39.29785455809906,149.22092009210675,,,timing_only,,fastest tuned configuration (run median),"{""tuned"": ""nb=256,grid_rows=1""}"
bd1cf5d0c975c508,qr,cuSOLVER,fp64,4,196608,196608,65.57904511131346,154.51733315701313,,,timing_only,,fastest tuned configuration (run median),"{""tuned"": ""nb=256,grid_rows=1""}"
b85352f09d0a8103,qr,cuSOLVER,fp64,4,229376,229376,101.45690503995866,158.59922163295266,,,timing_only,,fastest tuned configuration (run median),"{""tuned"": ""nb=256,grid_rows=4""}"
0a0340748b7be99c,qr,SLATE,fp32,2,229376,229376,302.10269244760275,53.263299437215984,,,timing_only,,fastest tuned configuration (run median),"{""tuned"": ""nb=1536,ib=64,la=1,grid_rows=1,panel_threads=4""}"
9adb8073afde9981,qr,SLATE,fp32,3,229376,229376,271.2061246186495,59.3312049691054,,,timing_only,,fastest tuned configuration (run median),"{""tuned"": ""nb=1536,ib=64,la=1,grid_rows=1,panel_threads=4""}"
2fbc704cc48f6892,qr,SLATE,fp32,4,131072,131072,65.23837810987607,46.021986422219385,,,timing_only,,fastest tuned configuration (run median),"{""tuned"": ""nb=1536,ib=64,la=1,grid_rows=1,panel_threads=4""}"
a49b77a48a9a2f98,qr,SLATE,fp32,4,163840,163840,109.66783219622448,53.4711218173164,,,timing_only,,fastest tuned configuration (run median),"{""tuned"": ""nb=1536,ib=64,la=1,grid_rows=1,panel_threads=4""}"
cd0e0d01c316ca33,qr,SLATE,fp32,4,196608,196608,207.20694348821416,48.90327993357029,,,timing_only,,fastest tuned configuration (run median),"{""tuned"": ""nb=1536,ib=32,la=2,grid_rows=1,panel_threads=1""}"
1e1f13281263ca8a,qr,SLATE,fp32,4,229376,229376,240.03082420583814,67.03716583844677,,,timing_only,,fastest tuned configuration (run median),"{""tuned"": ""nb=1536,ib=64,la=1,grid_rows=1,panel_threads=4""}"
7197d0e2b47d45de,qr,SLATE,fp32,4,262144,262144,390.17469409806654,61.56011237009045,,,timing_only,,fastest tuned configuration (run median),"{""tuned"": ""nb=1536,ib=64,la=1,grid_rows=1,panel_threads=4""}"
4cfc18ee3319e032,qr,SLATE,fp32,4,294912,294912,468.1375161772594,73.05376836620638,,,timing_only,,fastest tuned configuration (run median),"{""tuned"": ""nb=1536,ib=64,la=1,grid_rows=1,panel_threads=4""}"
7e68441b971c9687,qr,SLATE,fp32,4,327680,327680,572.2058265516534,81.98535202124133,,,timing_only,,fastest tuned configuration (run median),"{""tuned"": ""nb=1536,ib=64,la=1,grid_rows=1,panel_threads=4""}"
fcbe281048a19ccb,qr,SLATE,fp64,4,131072,131072,92.8073021597229,32.35090000152306,,,timing_only,,fastest tuned configuration (run median),"{""tuned"": ""nb=1536,ib=32,la=1,grid_rows=1,panel_threads=1""}"
483aaf158d612445,qr,SLATE,fp64,4,163840,163840,163.50634327204898,35.864431296395956,,,timing_only,,fastest tuned configuration (run median),"{""tuned"": ""nb=1536,ib=32,la=2,grid_rows=1,panel_threads=1""}"
ff57ed2fcbd554b1,qr,SLATE,fp64,4,196608,196608,222.6001779078506,45.5215231938332,,,timing_only,,fastest tuned configuration (run median),"{""tuned"": ""nb=1536,ib=32,la=1,grid_rows=1,panel_threads=1""}"
c0bab45e27d620dc,qr,SLATE,fp64,4,229376,229376,311.1304356972687,51.717814531916886,,,timing_only,,fastest tuned configuration (run median),"{""tuned"": ""nb=1536,ib=32,la=1,grid_rows=1,panel_threads=1""}"
67adc683ee933b08,qr,MAGMA,fp32,8,131072,131072,15.76286908518523,190.47292313060845,,,timing_only,1,fastest tuned configuration (run median),"{""tuned"": ""nb=64,threads=16""}"
57167bd3b74335fe,qr,MAGMA,fp32,8,163840,163840,26.386915341950953,222.23370707838734,,,timing_only,1,fastest tuned configuration (run median),"{""tuned"": ""nb=128,threads=16""}"
1e0e1fe73fd84a0d,qr,MAGMA,fp32,8,196608,196608,40.61546886153519,249.4886664026708,,,timing_only,1,fastest tuned configuration (run median),"{""tuned"": ""nb=128,threads=16""}"
9882549fc007c737,qr,MAGMA,fp32,8,229376,229376,62.95116396807134,255.610621858988,,,timing_only,1,fastest tuned configuration (run median),"{""tuned"": ""nb=128,threads=16""}"
c5e888c91a047ebc,qr,MAGMA,fp32,8,262144,262144,89.01948054227978,269.8195705740468,,,timing_only,1,fastest tuned configuration (run median),"{""tuned"": ""nb=128,threads=16""}"
5dd44a713ad13c13,qr,MAGMA,fp32,8,294912,294912,125.22697003744543,273.09779722465885,,,timing_only,1,fastest tuned configuration (run median),"{""tuned"": ""nb=128,threads=16""}"
c11b91eca8e5994f,qr,MAGMA,fp32,8,327680,327680,169.6859680628404,276.4665614605764,,,timing_only,1,fastest tuned configuration (run median),"{""tuned"": ""nb=128,threads=16""}"
7a93a67a8bb4f53b,qr,MAGMA,fp64,8,131072,131072,28.022344319149852,107.14306117238581,,,timing_only,1,fastest tuned configuration (run median),"{""tuned"": ""nb=64,threads=16""}"
3544638f431a9cc1,qr,MAGMA,fp64,8,163840,163840,40.81135620176792,143.68701656994446,,,timing_only,1,fastest tuned configuration (run median),"{""tuned"": ""nb=64,threads=16""}"
b9c45d653d2f3f14,qr,MAGMA,fp64,8,196608,196608,73.71685499232262,137.45973241314957,,,timing_only,1,fastest tuned configuration (run median),"{""tuned"": ""nb=128,threads=16""}"
d7f38d416e8a53e4,qr,MAGMA,fp64,8,229376,229376,102.0088768908754,157.74103841805123,,,timing_only,1,fastest tuned configuration (run median),"{""tuned"": ""nb=128,threads=16""}"
95739c284cc39cad,qr,MAGMA,fp64,8,262144,262144,130.79394216183573,183.64151745592991,,,timing_only,1,fastest tuned configuration (run median),"{""tuned"": ""nb=64,threads=16""}"
cb358f0509fa8639,qr,MAGMA,fp64,8,294912,294912,178.6184072960168,191.46520332402127,,,timing_only,1,fastest tuned configuration (run median),"{""tuned"": ""nb=128,threads=16""}"
84417dc85e90fc93,qr,cuSOLVER,fp32,8,131072,131072,11.488455741666257,261.34058563600036,,,timing_only,1,fastest tuned configuration (run median),"{""tuned"": ""nb=256,grid_rows=8""}"
4d983a8cceeef79c,qr,cuSOLVER,fp32,8,163840,163840,20.876952515915036,280.8868780218285,,,timing_only,1,fastest tuned configuration (run median),"{""tuned"": ""nb=256,grid_rows=8""}"
4e87c3e5b149ff17,qr,cuSOLVER,fp32,8,196608,196608,34.47839922644198,293.89703086367183,,,timing_only,1,fastest tuned configuration (run median),"{""tuned"": ""nb=256,grid_rows=8""}"
fe2a27a28f62883a,qr,cuSOLVER,fp32,8,229376,229376,53.24650815408677,302.19796051341297,,,timing_only,1,fastest tuned configuration (run median),"{""tuned"": ""nb=256,grid_rows=8""}"
bd5861739d65ed33,qr,cuSOLVER,fp32,8,262144,262144,77.6714066984132,309.24118711929225,,,timing_only,1,fastest tuned configuration (run median),"{""tuned"": ""nb=256,grid_rows=8""}"
06da32e1d4e95d9d,qr,cuSOLVER,fp32,8,294912,294912,108.78068575169891,314.3867813851375,,,timing_only,1,fastest tuned configuration (run median),"{""tuned"": ""nb=256,grid_rows=8""}"
33ab49cf102e6b28,qr,cuSOLVER,fp32,8,327680,327680,147.43257009610534,318.1962851754013,,,timing_only,1,fastest tuned configuration (run median),"{""tuned"": ""nb=256,grid_rows=8""}"
a359fa9e4d8d5e49,qr,cuSOLVER,fp64,8,131072,131072,11.701489519327879,256.58269800790157,,,timing_only,1,fastest tuned configuration (run median),"{""tuned"": ""nb=256,grid_rows=8""}"
1e56886d849ec257,qr,cuSOLVER,fp64,8,163840,163840,21.46560546848923,273.1840955249818,,,timing_only,1,fastest tuned configuration (run median),"{""tuned"": ""nb=256,grid_rows=8""}"
54c09f86e744e9db,qr,cuSOLVER,fp64,8,196608,196608,35.52041225787252,285.2753816036518,,,timing_only,1,fastest tuned configuration (run median),"{""tuned"": ""nb=256,grid_rows=8""}"
22c47a06ecb2f85f,qr,cuSOLVER,fp64,8,229376,229376,54.35817812848836,296.0177607606899,,,timing_only,1,fastest tuned configuration (run median),"{""tuned"": ""nb=256,grid_rows=8""}"
24b331ee7c4a9773,qr,cuSOLVER,fp64,8,262144,262144,78.56299608480185,305.73169570462954,,,timing_only,1,fastest tuned configuration (run median),"{""tuned"": ""nb=256,grid_rows=8""}"
52ee7c071a89fb83,qr,cuSOLVER,fp64,8,294912,294912,109.96261822525412,311.0075971480504,,,timing_only,1,fastest tuned configuration (run median),"{""tuned"": ""nb=256,grid_rows=8""}"
dfb93bcbcf272742,qr,SLATE,fp32,8,131072,131072,26.860341247171164,111.77816856278892,,,timing_only,1,fastest tuned configuration (run median),"{""tuned"": ""nb=1024,ib=64,la=1,grid_rows=2,panel_threads=4""}"
e8e28a3bc8be4bdc,qr,SLATE,fp32,8,163840,163840,43.65716910175979,134.3207114766623,,,timing_only,1,fastest tuned configuration (run median),"{""tuned"": ""nb=1024,ib=64,la=1,grid_rows=2,panel_threads=4""}"
00c329bacb719a8c,qr,SLATE,fp32,8,196608,196608,66.45010623708367,152.49184290887797,,,timing_only,1,fastest tuned configuration (run median),"{""tuned"": ""nb=1024,ib=64,la=1,grid_rows=2,panel_threads=4""}"
efe8f9ec1cddf8cb,qr,SLATE,fp32,8,229376,229376,96.00711204018444,167.60202266985013,,,timing_only,1,fastest tuned configuration (run median),"{""tuned"": ""nb=1024,ib=64,la=1,grid_rows=2,panel_threads=4""}"
2b0edcb41a0b5849,qr,SLATE,fp32,8,262144,262144,128.97709695156664,186.2283969816929,,,timing_only,1,fastest tuned configuration (run median),"{""tuned"": ""nb=1024,ib=64,la=1,grid_rows=2,panel_threads=4""}"
bdb2d1e394d4819c,qr,SLATE,fp32,8,294912,294912,174.0543473046273,196.48581147180292,,,timing_only,1,fastest tuned configuration (run median),"{""tuned"": ""nb=1024,ib=64,la=1,grid_rows=2,panel_threads=4""}"
c3f76134fd1690c2,qr,SLATE,fp32,8,327680,327680,222.36755359638482,210.96826115015259,,,timing_only,1,fastest tuned configuration (run median),"{""tuned"": ""nb=1024,ib=64,la=1,grid_rows=2,panel_threads=4""}"
e2ef4ba8e6ee7118,qr,SLATE,fp64,8,131072,131072,50.47213349211961,59.486285675819616,,,timing_only,1,fastest tuned configuration (run median),"{""tuned"": ""nb=1024,ib=64,la=1,grid_rows=1,panel_threads=4""}"
91e99813c0c70173,qr,SLATE,fp64,8,163840,163840,72.82733106799424,80.52007301119454,,,timing_only,1,fastest tuned configuration (run median),"{""tuned"": ""nb=1024,ib=64,la=1,grid_rows=1,panel_threads=4""}"
87b8406e9e22c9c2,qr,SLATE,fp64,8,196608,196608,113.40631727129221,89.35215784622538,,,timing_only,1,fastest tuned configuration (run median),"{""tuned"": ""nb=1024,ib=64,la=1,grid_rows=1,panel_threads=4""}"
7a3b09b026a1f0f9,qr,SLATE,fp64,8,229376,229376,152.64640257693827,105.41346469344737,,,timing_only,1,fastest tuned configuration (run median),"{""tuned"": ""nb=1024,ib=64,la=1,grid_rows=1,panel_threads=4""}"
2cb12dda1ad1153b,qr,SLATE,fp64,8,262144,262144,210.66000300552696,114.0187870025449,,,timing_only,1,fastest tuned configuration (run median),"{""tuned"": ""nb=1024,ib=64,la=1,grid_rows=1,panel_threads=4""}"
2fc8cf7100fb5a42,qr,SLATE,fp64,8,294912,294912,278.3425744185224,122.86733260906745,,,timing_only,1,fastest tuned configuration (run median),"{""tuned"": ""nb=1024,ib=64,la=1,grid_rows=1,panel_threads=4""}"
